book_title,chapter_number,chapter_title,chapter_text,hs_thematic_explanation
Noli Me Tangere,1,Ang Pagtitipon,"Isang malaking pagtitipon ang gaganapin sa bahay ni Don Santiago de los Santos o mas kilala sa tawag na Kapitan Tiago sa Kalye Anluwage upang salubungin ang isang binata na galing Europa. Sikat at malaki ang kanyang impluwensya dahil siya ang dating alkade ng kanilang lugar. Kilala din ito dahil sa pagiging matulungin sa mga mahihirap. Mabilis na kumalat ang balita ng pagtitipon sa maraming distrito ng Maynila hanggang sa loob ng Intramuros. Pagpasok palang sa bahay ay may sasalubong nang malaking hagdanan na nababalutan ng karpeta. Sa ikalawang palapag ay may makikitang mga porselanang Intsik na may iba’t-ibang kulay at disenyo na mas nakatawag ng pansin sa mga bisitang dumalo. Mapapakinggan ang magagandang tunog na gawa ng orkestra at mga kalansing ng mga pinggan at kubyertos. Sa gitna ng bulwagan ay may mahabang lamesa na kainan na puno ng adorno. Ang dingding ay mga mga relihiyosong likhang sining na pinamagatang Purgatoryo, Impyerno, Huling Paghuhukom, Ang Kamatayan ng Makatarungan at Kamatayan ng Makasalanan. Ang sala ay puno ng mga panauhin, hiwalay ang mga babae sa lalaki na parang nasa simbahan. Si Tiya Isabel, ang pinsan ni Kapitan Tiyago ang siyang naging tagatanggap ng mga panauhin. Baluktok siya kung mangastila. Nagdatingan pa ang mga panauhin kabilang na ang mag-asawang sina Don Tiburcio de Espadaña at Doña Victorina de Espadaña; Padre Hernando De La Sibyla na siyang kura ng Tanawan; Padre Damaso Vardolagas ang dating kura San Diego; ang dalawang paisano; at si Tinyente Guevarra ang tinyente ng gwardiya sibil. Ikinagulat ni Padre Damaso ang dahilan ng pagpunta ng binata. Ang akala niya’y pumunta ang binata sa Pilipinas upang magtrabaho, yun pala ay interesado ang binata sa pag-uugali ng mga katutubong Pilipino. Nagkaroon ng kanya kanyang pagpapahayag na nagresulta sa mainit na sagutan sa pagitan ng mga panauhin laban kay Padre Damaso. Hindi na napigilan ng pari na mailabas ang kanyang mapanlait na ugali laban sa mga Indio. Sinabi din ni Padre Damaso na hindi dapat manghimasok ang hari sa pagpaparusa ng simbahan sa mga erehe. Ngunit ito ay tinutulan ni Tinyente Guevarra, batid niya na may karapatan ang Kapitan Heneral sa pagpaparusa dahil ito ang kinatawan ng hari ng bansa. Pinalipat si Padre Damaso sa ibang lugar dahil pinahukay nito ang bangkay ng isang marangal na lalaki na napagkamalang isang erehe dahil sa hindi nito pagkumpisal. Iniwan ni Tinyente Guevarra ang umpukan. Pinakalma naman ni Padre Sibyla ang galit na galit na si Padre Damaso. Kinalaunan ay nagpatuloy na muli ang pagtitipon.","Mga kabataan, sa kabanatang 'Ang Pagtitipon,' ang sentral na tema ay ang paglalahad ng kolonyal na lipunang Pilipino sa ilalim ng pamahalaang Kastila, kung saan kitang-kita ang mga pagkakaiba sa antas ng lipunan at ang malakas na impluwensya ng Simbahang Katoliko. Ang pagtitipon sa bahay ni Kapitan Tiago ay isang salamin ng lipunang ito, kung saan ang mga panauhin ay nahahati ayon sa kasarian, na sumasalamin sa mahigpit na panuntunan ng simbahan at tradisyon. Ang mga dekorasyong relihiyoso, tulad ng mga larawan ng Purgatoryo, Impyerno, at Huling Paghuhukom, ay nagpapakita ng kontrol ng simbahan sa pamamagitan ng takot at pananampalataya, na ginagamit upang mapanatili ang kapangyarihan nito. Ang mainit na sagutan nina Padre Damaso at Tinyente Guevarra ay naglalahad ng tensyon sa pagitan ng simbahan at pamahalaan, na nagpapakita ng tema ng abuso ng kapangyarihan at rasismo laban sa mga katutubong Pilipino, na tinutukoy bilang 'Indio' nang may pang-iinsulto. Sa pamamagitan ng mga karakter, ipinapakita ni Rizal ang mga suliranin tulad ng pagkukunwari ng mga may kapangyarihan at ang kawalan ng boses ng mga ordinaryong tao. Ang kabanatang ito ay nagbibigay ng pundasyon para sa mas malalim na pagsusuri sa mga isyung panlipunan, tulad ng hindi pagkakapantay-pantay at pagsupil sa mga katutubo, na siyang magiging sentro ng salaysay sa mga susunod na kabanata."
Noli Me Tangere,2,Crisostomo Ibarra,"Nagulat sina Padre Sibyla at Padre Damaso ng makita nila ang kasamang panauhin ni Kapitan Tiyago. Siya ang anak ng yumaong kaibigan ni Kapitan Tiago, si Don Crisostomo Ibarra, na galing pang Europa. Siya ay nakabihis ng luksang kasuotan. Makikita sa kaniyang galaw at anyo ang pagiging malusog sa isipan at pangangatawan. Makikita ang bahid ng pagiging banyaga dahil sa kanyang mapupulang pisngi. Nagtangkang kamayan ni Ibarra si Padre Damaso sa pag-aakalang ito ay matalik na kaibigan ng yumaong ama. Ngunit ikinaila ni Padre Damaso na kaibigan nga niya ang ama ni Ibarra. Sandaling tinalikuran ni Ibarra ang pari upang kausapin si Tinyente Guevarra. Masaya ang tinyente dahil sa ligtas na pagdating ni Ibarra. Ikinuwento rin ng tinyente ang patungkol sa kabutihang asal ng yumaong ama ni Ibarra. Nabawasan ang pag-aalinlangan ni Ibarra sa tunay na kinahatnan ng ama dahil hanggang ngayon ay wala parin siyang nalalaman tungkol sa pagkamatay ng ama. Nilisan ng tinyente ang bulwagan at naiwang mag-isa si Ibarra. Nilapitan niya ang mga kababaihan. Batid niyang hindi niya mapipigilang hindi batiin ang mga hiyas ng Pilipinas. Kasunod namang nilapitan ni Ibarra ang grupo ng mga kalalakihan. Isang kaugalian sa Alemanya na ipakilala ang sarili sa grupo ng mga panauhin kung ito ay walang kasama at makausap sa isang pagtitipon. Humingi ito ng pasensya dahil sa nasabing kaugalian. Ginawa niya ang kaugaliang ito hindi para ipaalam na siya’y galing sa ibang lugar kundi dahil ito ang nararapat niyang gawin. Nagpakilala siya bilang si Crisostomo Ibarra Y Magsalin. Isang ginoo ang lumapit kay Ibarra na may magandang suot na makikitaan ng mga makikinang na dyamanteng butones. Siya si Kapitan Tinong, matalik na kaibigan ni Kapitan Tiago.  Kilalang-kilala niya rin ang ama ni Ibarra. Inanyayahan niya si Ibarra na pumunta sa kanyang bahay upang maghapunan kinabukasan ngunit hindi makakarating si Ibarra dahil siya ay pupunta sa San Diego. Handa na ang lahat para sa hapunan.","Mga kabataan, sa kabanatang 'Crisostomo Ibarra,' ang sentral na tema ay ang pagbabalik ng isang edukadong Pilipino mula sa Europa at ang kanyang pagsisikap na maging bahagi ng lipunang kolonyal habang nahaharap sa mga hamon ng nakaraan at ng umiiral na sistema. Si Crisostomo Ibarra, bilang isang binatang may karanasan sa Europa, ay sumisimbolo sa pag-asa para sa pagbabago at pag-unlad, ngunit ang kanyang pagdating ay agad na nahaharap sa pagtanggi at pagdududa, tulad ng ipinapakita sa malamig na pagtanggap ni Padre Damaso. Ang pagtangging ito ay naglalahad ng tema ng galit ng mga prayle sa mga Pilipinong naghahanap ng reporma, na nagpapakita ng mas malalim na salungatan sa pagitan ng tradisyunal na kapangyarihan at ng mga bagong ideya. Ang pag-uusap ni Ibarra kay Tinyente Guevarra tungkol sa kabutihang asal ng kanyang yumaong ama ay nagpapakita ng tema ng misteryo at paghihintay sa katotohanan, na nagiging motibasyon para sa kanyang mga plano sa hinaharap. Bukod dito, ang pagpapakilala ni Ibarra sa sarili ay nagpapahiwatig ng tema ng pagkakakilanlan, kung saan siya ay nagtatangkang maging tulay sa pagitan ng tradisyon ng Pilipinas at ng mga impluwensyang banyaga, na nagdudulot ng parehong paghanga at pag-aalinlangan mula sa iba. Ang kabanatang ito ay naglalahad ng mga hamon ng isang reformistang Pilipino na nagnanais ng pagbabago, ngunit napipigilan ng mga lihim na nakaraan at ng mga pwersang nagtatanggol sa status quo, na nagiging pundasyon para sa kanyang paglalakbay sa nobela."
Noli Me Tangere,3,Ang Hapunan,"Galit na galit parin si Padre Damaso dahil sa mainit na talakayan na nangyari. Sinisipa niya lahat ng mga silyang nakaharang sa dadaanan niya. Magkausap naman sina Don Tiburcio at Padre Sibyla habang papalapit sa hapagkainan. Dahil sa paggigitgitan, natapakan ng tinyente ang laylayan ng damit ni Donya Victorina dahilan kung bakit nagalit ito. Umupo sa kabisera si Ibarra samantalang pinagtatalunan naman ng dalawang pari kung sino ang dapat maupo sa sentrong upuan. Para kay Padre Sibyla, si Padre Damaso dapat ang maupo doon dahil siya ang matagal nang kaibigan ni Kapitan Tiago at siya din ang kumpesor ng pamilya nito. Hindi sumangayon si Padre Damaso. Sa halip, iginiit niya na si Padre Sibyla ang nararapat na umupo doon dahil siya ang kura sa lugar an iyon. Uupo na sana si Padre Sibyla nang napansin niya ang tinyente at inalok ang upuan. Tumanggi ang tinyente sa kadahilanang ayaw niyang pumagitna sa dalawang pari. Wala man lang nakaalala sa may pahanda kundi si Ibarra. Ngunit tumanggi si Kapitan Tiago, katulad ng nagyayari sa karaniwang handaan. Mas lalo namang tumindi ang galit ni Padre Damaso ng inihanda sa kaniya ang tinola na puro upo, leeg, at pakpak. Habang ang inihanda naman kay Ibarra ay puro masasarap na bahagi ng tinola dahil niluto naman talaga ito para sa kanya. Habang nasa hapagkainan, patuloy ang pakikipag-usap ni Ibarra sa iba pang panauhin. Batay sa sagot ni Ibarra sa tanong ni Laruja, siya ay mahigit pitong taong nawala sa Pilipinas pero kahit kailan hindi niya ito nakalimutan.  Sa halip, ang Pilipinas pa ang nakalimot sa kanya dahil wala man lang nagbalita sa kanya ng kinahantungan ng kanyang ama na si Don Rafael. Tinanong ni Donya Victorina kung bakit hindi ito tumelegrama. Ito ay dahil nasa ibang bayan siya ng dalawang taon.","Mga kabataan, sa kabanatang 'Ang Hapunan,' ang sentral na tema ay ang mga salungatan sa loob ng kolonyal na lipunan na nahahayag sa pamamagitan ng simpleng okasyon tulad ng hapunan, na nagpapakita ng abuso ng kapangyarihan, paboritismo, at ang epekto ng kolonyal na kultura sa pang-araw-araw na buhay. Ang pagtatalo nina Padre Damaso at Padre Sibyla tungkol sa upuan ay sumisimbolo sa pakikipagkumpetensya ng mga prayle para sa kapangyarihan at prestihiyo, na naglalahad ng tema ng pagiging mapagmataas at sakim ng mga nasa posisyon. Ang insidente ng tinola, kung saan si Padre Damaso ay nabigyan ng hindi magandang bahagi, ay nagiging metapora para sa kawalan ng hustisya at hindi pantay na pagtrato, kung saan ang mga may kapangyarihan ay laging nagrereklamo kahit sila ay pribilehiyo. Ang mga usapan sa hapagkainan, lalo na ang sagot ni Ibarra na hindi niya nakalimutan ang Pilipinas sa kabila ng pitong taon sa Europa, ay nagpapakita ng tema ng pagiging makabayan at ang kalungkutan sa pagkalimot ng bayan sa kanyang ama. Bukod dito, ang tanong ni Donya Victorina tungkol sa telegrama ay naglalahad ng tema ng kolonyal na mentalidad, kung saan ang mga Pilipino ay nahuhumaling sa mga dayuhang konsepto ngunit walang muwang sa kanilang tunay na kalagayan. Ang kabanatang ito ay isang kritika sa mga ugali at sistemang nagpapanatili ng hindi pagkakapantay-pantay, na nagiging simula ng mas malalim na pagsusuri sa mga suliranin ng lipunan sa mga susunod na kabanata."
Noli Me Tangere,4,Erehe at Pilibustero,"Lumabas si Ibarra upang makalanghap ng sariwang hangin. Binaybay niya ang daan papuntang plasa ng Binondo. Napansin niya na ganun parin ang itsura ng lugar. Pitong taon siya nawala pero parang nawala lang siya ng napakaikling gabi dahil wala man lang nagbago. Nandoon parin ang ang mga tindera ng prutas at gulay bago siya umalis papuntang Europa. Sa paningin ni Ibarra ay wala man lang pag-unlad ang siyudad na iyon. Habang pinagmamasdan ang paligid may naramdaman siyang tumapik sa kaniyang balikat. Naroon si Tinyente Guevarra. Nagtanong si Ibarra sa tinyente kung alam niya ba ang dahilan ng pagkabilanggo ng ama. Isinalaysay ni Tinyente Guevarra ang dahilan habang sila ay pabalik sa kwartel. Ayon sa kwento ng tinyente, si Don Rafael ang pinakamayan sa kanyang lalawigan. Marami ang gumagalang at nagmamahal sa kaniya, meron din namang mga galit at naiinggit. Ilang buwan matapos ang pag-alis ni Ibarra, naging mainit sa isa’t-isa sina Don Rafael at Padre Damaso. Inakusahan si Don Rafael na hindi nangungumpisal. Nung mga panahon na iyon ay mayroong isang Kastilang artilyero na naging tampulan ng tukso dahil sa kamang-mangan. Isang araw ay binigyan ng isang dokumento ang artilyero, nagdunung-dunungan ito sa pagbasa. Pinagtatawanan siya ng isang grupo ng mga bata. Sa galit ng kastila ay hinabol nito ang mga paslit. Nang hindi niya mahabol ang mga nang-aasar na bata ay binato niya ito ng baston. Tumama naman ang baston sa ulo ng isang bata dahilan kung bakit ito natumba sa kalsada. Kinuha naman ng artilyero ang pagkakataon para pagsisipain ito. Nagkataong dumaan doon si Don Rafael.  Hinawakan agad niya ang artilyero sa bisig at inawat ito. Dahil sa malaking pangangatawang ni Don Rafael, inakala nilang sinasaktan nito ang artilyero. Sa pag-alma ng artilyero, umitsa ito ilang talampakan mula sa kinatatayuan ni Don Rafael. Tumama ang ulo ng artilyero sa malaking bato dahilan kung bakit sumuka ito ng dugo at namatay makalipas ang ilang sandali. Nag-imbestiga ang pulisya, nakulong si Don Rafael at naglabasan ang mga lihim na kaaway nito. Inakusahan si Don Rafael na erehe at pilibustero. Humingi ng tulong ang tinyente upang mapawalang sala si Don Rafael nung mga panahong iyon. Subalit walang naglakas ng loob na tumulong sa pangangamba na baka magkakaso rin sila. Nagsulputan ang mga kaaway ni Don Rafael at dumami ang huwad na testigo laban sa kanya. Namatay si Don Rafael sa likod ng mga rehas na bakal ng walang mahal sa buhay na nakiramay. Nakakapanghinayang dahil kung kailan nalagutan ng hiniga si Don Rafael ay saka palang napatunayan na siya ay walang sala.","Mga kabataan, sa kabanatang 'Erehe at Pilibustero,' ang sentral na tema ay ang kawalan ng hustisya at abuso ng kapangyarihan sa kolonyal na sistema, na ipinapakita sa trahedya ng buhay ni Don Rafael at ang epekto nito kay Crisostomo Ibarra. Ang paglalakad ni Ibarra sa Maynila ay naglalahad ng tema ng stagnation o kawalan ng pag-unlad sa Pilipinas, na nagdudulot ng kalungkutan at pagnanais na mag-ambag sa pagbabago. Ang kwento ni Tinyente Guevarra tungkol sa pagkabilanggo at pagkamatay ni Don Rafael ay nagpapakita ng tema ng maling pag-akusa, kung saan ang mga label tulad ng 'erehe' at 'pilibustero' ay ginagamit ng mga prayle upang wasakin ang mga sumasalungat sa kanila, tulad ng kaso ni Don Rafael na inakusahan dahil sa hindi pagkukumpisal at aksidente sa artilyero. Ito ay naglalahad ng korupsyon sa sistema ng hustisya, kung saan ang mga mayayaman ay nakakahanap ng mga huwad na testigo upang sirain ang iba, habang ang mga ordinaryong tao ay natatakot na tumulong dahil sa takot sa kaparusahan. Ang reaksyon ni Ibarra sa kwento ay nagpapakita ng tema ng paghihiganti at paghahanap ng katotohanan, na nagiging motibasyon para sa kanyang mga plano, ngunit nagiging babala rin sa mga panganib ng paglaban sa mga makapangyarihan. Ang kabanatang ito ay isang makapangyarihang kritika sa rasismo at pang-aapi ng mga Kastila at prayle sa mga Pilipino, na nagiging pundasyon para sa mas malalim na salungatan sa nobela."
Noli Me Tangere,5,Ang Liwanag sa Gabing Madilim,Dumating si Ibarra sa kanyang tinutuluyan sa Fonda de Lala. Agad itong naupo sa kanyang silid. Nagmasid-masid ito sa kapaligiran habang may gulong tumatakbo sa kanyang isip dahil sa sinapit ng ama.  Natanaw niya mula sa kanyang bintana ang maliwanag na bahay sa kabila ng ilog. Naririnig niya ang tunog na gawa ng orkestra at ang kalansing ng mga piggan at kubyertos. Natanaw din niya ang isang magandang babae na may balingkinitan na pangangatawan at may kasuotang diyamante at ginto. Siya si Maria Clara. Giliw na giliw na nakatingin ang lahat sa ganda ng dalaga. Dahil sa pagod na isip at katawan ni Ibarra ay mabilis siyang nahimlay.,"Mga kabataan, sa kabanatang 'Ang Liwanag sa Gabing Madilim,' ang sentral na tema ay ang pag-asa at kalungkutan na magkakasamang nararamdaman ng isang Pilipino sa harap ng mga personal na trahedya at ng kagandahan ng kanyang bayan. Ang pagmamasid ni Ibarra mula sa kanyang bintana, habang iniisip ang trahedya ng kanyang ama, ay nagpapakita ng tema ng kalungkutan at paghihintay sa katotohanan, ngunit ang pagkakita niya kay Maria Clara ay sumisimbolo sa pag-asa at pag-ibig na nagbibigay sa kanya ng lakas upang magpatuloy. Ang kagandahan ni Maria Clara, na inilarawan bilang isang dalagang may balingkinitang pangangatawan at kasuotang diyamante at ginto, ay nagiging representasyon ng Pilipinas—maganda ngunit nasa ilalim ng kontrol ng kolonyal na sistema. Ang orkestra at kalansing ng mga pinggan ay nagpapakita ng tema ng pagkukunwari ng kasiyahan sa lipunang kolonyal, kung saan ang mga pagtitipon ay puno ng saya sa labas ngunit nagtatago ng mga lihim at sakit sa loob. Ang pagod ni Ibarra at ang kanyang mabilis na pagkahimlay ay naglalahad ng tema ng emosyonal na laban, kung saan ang isang tao ay nahihirapan sa bigat ng mga problema ngunit patuloy na hinintay ang liwanag ng pag-asa. Ang kabanatang ito ay nagbibigay ng mas malalim na pagtingin sa damdamin ni Ibarra bilang isang reformista, na hinintay ang tamang oras upang labanan ang mga suliranin ng kanyang bayan, habang hinaharap ang personal na sakit ng pagkawala ng ama at ang mga hamon ng kanyang pag-ibig kay Maria Clara."
Noli Me Tangere,6,Kapitan Tiago,"Si Kapitan Tiago ay maliit at may kutis na kayumanggi. Batid sa itsura niya ang pagiging masunurin at pagiging relihiyoso. Meron siyang maitim na buhok, singkit na mga mata, at matangos na ilong. Kundi dahil sa madalas niyang pagtatabako at pagnganga na dahilan ng pagtambok ng kaniyang pisngi, masasabing gwapo si Kapitan Tiago. Tinitingala si Kapitan Tiago dahil isa siya sa pinakamayamang mangangalakal sa Binondo. Marami siyang lupain at ari-arian sa iba’t-ibang lugar. Naniniwala siya na ang pagiging malapit niya sa Diyos at sa simbahan ay base sa magandang gawa. Hindi ito nagdadasal kahit na may matinding pangangailangan. Sapagkat napakayaman, pera ang kaniyang pinagdarasal. Sa tirahan ni Kapitan Tiago ay makikitang isang magandang kapilya na puno ng santo’t santa. Hindi siya nagpapahuli kung abuloy sa panrelihiyon ang pag-uusapan. Sa taunang parangal sa Birhen ng Antipolo, si Kapitan Tiago ang karaniwang gumagasta ng malaki para balikatin ang halaga ng dalawang misa na kinapapalooban ng mga awitin, kwitis, at paputok. Handa siyang gumastos ng malaki dahil naniniwala naman siya na bultu-bultong biyaya naman ang matatanggap niya taun-taon. Malapit din si Kapitan Tiago sa pamahalaan katulad ng pagiging malapit nito sa simbahan. Handa siyang sumunod kahit sa mga maliliit na opisyal. Mapulitika si Kapitan Tiago. Lagi siyang may handang orkestra na bumabati at humaharana sa mga kaarawan ng Kapitan Heneral, alkalde at mga piskal.  Nag-iisang anak si kapitan Tiago ng isang mag-aasukal. Mayamang maituturing ang mga magulang nito ngunit ganid na ayaw gastahan ang pag-aaral ng anak. Napilitan itong mamasukan sa isang Dominikong pari noong siya ay musmos pa lang. Umalis si Kapitan Tiago sa simbahan ng mamatay ang Dominikong pari. Sa kanyang pagbibinata ay hinarap niya ang pagiging mangangalakal. Nakilala at kalauna’y pinakasalan niya ang isang magandang babae na taga-Santa Cruz, si Pia Alba. Nagtulungan ang dalawa upang paunlarin ang kanilang kabuhayan. Panay ang pagpapayaman ng dalawa ngunit ang isang malungkot na pangyayari sa anim na taon nilang pagsasama ay hindi man lang sila nagkaanak. Pinayuhan siya ni Padre Damaso na magpunta sa Obando, sumayaw at humingi ng isang sanggol na lalaki sa piyesta ni San Pascual Bailon. Dahil sa payo ay nagdalang tao si Donya Pia. Pero isang napakaselang paglilihi ang dinanas nito. Naging malungkutin siya at nawala ang dating matamis na ngiti. Isang napakataas na lagnat ang dumapo dito dahilan ng kanyang pagkamatay. Naiwan niya ang isang magandang sanggol na babae. Pinangalanan itong Maria Clara bilang pasasalamat kina Nuestra Señora de Salambao at Santa Clara. Naging ninong ni Maria Clara si Padre Damaso dahil ito ay kaibigan at tagapayo ng mag-asawa. Lumaki si Maria Clara sa pangangalaga ni Tiya Isabel. Nanirahan ito sa San Diego dahil tuwang-tuwa sa kaniya si Padre Damaso. Si Maria Clara ay mayroong malalaki at maitim na mga mata, mahahabang pilikmata, mamula-mulang kulot na buhok, matangos na ilong, maninipis na labi, at makinis at maputing balat. Naging sentro ng pagmamahal si Maria Clara. Giliw na giliw maging ang mga pari sa kanya. Lagi binibihisan si Maria Clara ng puting-puting damit at inaadornohon ng mga sariwang halaman tuwing prusisyon. Ipinasok sa kumbento ng Santa Catalina si Maria Clara nang siya ay magdalaga. Kailangan daw nitong matutunan ang isang istriktong pag-aaral kung paano maging relihiyosa. Malungkot siyang nagpaalam kay Padre Damaso at kay Ibarra na siyang kaibigan niya simula pagkabata. Pitong taon itong mamamalagi sa kumbento kung saan ay paminsan-minsan lang maaaring makausap ang mga tagalabas sa pamamagitan ng mga siwang ng rehas na bakal. Nang pumasok sa beateryo si Maria Clara ay siya namang alis ni Crisostomo Ibarra. Maliit pa lamang ang dalawa ay may nabuo nang plano ang kanilang mga magulang na sina Don Rafael at Kapitan Tiago. Kahit na nasa magkalayong lugar sina Ibarra at Maria Clara ay matapat parin silang nag- iibigan.","Mga kabataan, sa kabanatang 'Si Kapitan Tiyago,' ang sentral na tema ay ang paglalarawan ng isang mayamang Pilipino na nabubuhay sa ilalim ng kolonyal na sistema, na nagpapakita ng pagkukunwari at pagsunod sa mga makapangyarihan upang mapanatili ang kanyang katayuan sa lipunan. Si Kapitan Tiyago, bilang isang mayamang negosyante, ay inilalarawan bilang isang taong lubos na sunud-sunuran sa Simbahang Katoliko at sa mga prayle, na makikita sa kanyang pagiging malapit kay Padre Damaso at sa kanyang pag-aalay ng mga handog sa simbahan. Ang kanyang bahay, na puno ng mga relihiyosong dekorasyon, ay sumisimbolo sa kanyang pagsisikap na mapanatili ang pabor ng mga prayle, kahit na ito ay nagdudulot ng pagkukunwari sa kanyang tunay na damdamin. Ang kabanatang ito ay naglalahad din ng tema ng pagkakaiba sa antas ng lipunan, kung saan si Kapitan Tiyago ay gumagalaw sa pagitan ng mga Kastila at mga katutubo, ngunit nananatiling limitado ang kanyang kapangyarihan dahil sa kanyang pagiging Pilipino. Bukod dito, ang pagpapakilala sa kanyang relasyon kay Maria Clara ay nagpapakita ng tema ng pag-ibig at responsibilidad ng isang ama, ngunit ang kanyang mga desisyon ay madalas na naaayon sa kagustuhan ng mga prayle, na nagpapahiwatig ng kanyang pagiging alipin ng kolonyal na sistema. Ang kabanatang ito ay isang kritika sa mga Pilipinong yumayaman sa pamamagitan ng pagsunod sa mga Kastila, habang inilalantad ang kanilang kawalan ng tunay na kalayaan sa sariling bayan."
Noli Me Tangere,7,Ligawan sa Asotea,"Sa simbahan palang ay di na mapakali si Maria Clara dahil alam niyang darating si Ibarra sa araw na iyon. Sa bahay, matapos ang almusal, naggagantsilyo si Maria Clara upang hindi mainip sa pag- iintay. Hindi mapakali ang dalaga sa tuwing may karwaheng hihinto sa tapat ng kanilang bahay sa pag-aakalang si Ibarra na ang dumating. Pinayuhan ng doktor na magbakasyon si Maria Clara sa San Diego upang muling maibalik ang pamumula ng pisngi nito. Tuwang tuwa naman si Maria Clara dahil doon ay makikita niya si Ibarra. Ilang saglit lang ay dumating na ang binate. Hindi maitago ang pananabik ni Maria Clara kay Ibarra. Pumasok si Maria Clara sa kanyang silid upang mag-ayos ng sarili habang tinutulungan naman siya ni Tiya Isabel. Nagkita ang dalawa sa asotea at doon nag-usap. Nagkaroon ng masinsinang usapan tungkol sa kanilang nararamdaman at sumpaan sa isa’t-isa. Sabay na sinariwa ang kanilang karanasan nung sila’y bata pa pati na rin ang kanilang mga pag-aaway at pagbabati. Ipinakita ni Ibarra ang tuyong dahon ng sambong na nasa pitaka niya. Ipinakita din ni Ibarra ang liham niya kay Maria Clara bago siya magtungo papuntang Europa. Sinabi niya na ang dahilan ng kanyang pagpunta sa San Diego ay dahil sa ama. Ito raw ay makakabuti sa kanyang kinabukasan. Habang nagbabasa si Maria Clara ay pinatigil siya ni Ibarra dahil naalala niyang Todos los Santos na bukas at marami pa siyang gagawin.  Hindi napigiling maluha ni Maria Clara dahil sa pangungulila niya kay Ibarra. Inutusan naman siya ni Kapitan Tiago na magtirik ng pinakamahal na kandila kay San Roque at San Rafael dahil napakaraming bandido sa daan.","Mga kabataan, sa kabanatang 'Ligawan sa Asotea,' ang sentral na tema ay ang pag-ibig at pag-asa sa gitna ng mga hadlang ng kolonyal na lipunan, na ipinapakita sa romantikong pag-uusap nina Crisostomo Ibarra at Maria Clara. Ang asotea, bilang isang pribadong espasyo, ay nagiging lugar ng kanilang malalim na pag-uusap tungkol sa pag-ibig, pangarap, at mga plano para sa hinaharap, na sumisimbolo sa pag-asa para sa isang mas magandang buhay sa kabila ng mga hamon ng kolonyalismo. Ang pagmamahalan nina Ibarra at Maria Clara ay naglalahad ng tema ng purong pag-ibig na humuhubog sa kanilang mga mithiin, ngunit ang kanilang usapan ay nagpapakita rin ng mga hadlang tulad ng kontrol ng simbahan at ang mga lihim ng nakaraan ni Ibarra, partikular na ang trahedya ng kanyang ama. Ang kabanatang ito ay nagpapakita rin ng tema ng pagkakakilanlan, kung saan si Ibarra ay nagbabalanse sa kanyang mga bagong ideya mula sa Europa at ang tradisyunal na kultura ng Pilipinas, habang si Maria Clara ay sumisimbolo sa kagandahan at kabutihan ng Pilipinas na nasa ilalim ng kolonyal na pamahalaan. Bukod dito, ang kanilang pag-uusap ay naglalahad ng tema ng paghihintay sa tamang panahon upang labanan ang mga suliranin ng lipunan, na nagiging pundasyon ng mga plano ni Ibarra para sa reporma. Ang kabanatang ito ay isang makapangyarihang paglalarawan ng pag-ibig bilang inspirasyon, ngunit nagbabala rin sa mga panganib na dulot ng sistemang kolonyal sa kanilang mga pangarap."
Noli Me Tangere,8,Ang mga Alaala,"Ang kalungkutang naramdaman ni Ibarra sa pag-alis niya sa bahay ni Maria Clara ay napalitan ng kagalakan nang libutin niya ang kamaynilaan sakay sa kalesa. Nandoon parin ang ingay at gulo ng maraming karwahe, kalesa at kareta. Ikinalungkot ni Ibarra ang walang pagbabagong naganap sa lalawigan. Baku-bako parin ang mga kalsada at nandoon parin ang makapal na alikabok na pumupuwing sa lahat ng nagdadaan. Ang mga alikabok ay nagiging malagkit na putik kapag umuulan na siyang tumatalsik sa mga taong dumadaan. Pagkatuyo ng daan ay sapilitang pinagtatambak ng baku-bakong daan ang mga billanggo habang nakakadena ang mga paa. Ang palo ng mga gwardiya sibil ang lumalatay sa katawan ng mga bilanggo dahil sa mala-pagong na pagkilos nito. Natanaw ng binata ang pagbabago sa Escolta. Ang dating hilera ng bodega ay naging mga gusali na. Nakita din ni Ibarra ang pagawaan ng tabako sa Arroceros. Nandoon parin ang mga kakabaihang nagtutulong-tulong sa pagpapatuyo ng dahon ng tabako. Habang patuloy na nagmamasid si Ibarra sa paligid ay may natanaw siyang isang karwaheng papalapit sa kaniya. Nakasakay doon si Padre Damaso na nakakunot ang noo at tila may malalim na iniisip. Sa pagdaan ng karwaheng sinasakyan ni Ibarra sa Hardin ng Botaniko, naalala niya ang magagandang halaman sa Europa. Agad namang naparam sa isip ng binata ang maririkit at makukulay na mga bulaklak sa hardin ng mapadaan sa Bagumbayan na kilala bilang lugar ng kamatayan. Nanariwa sa kanya ang payo ng kanyang gurong pari na ang karunungan daw ang siyang liwanag sa kamangmangan. Kung may pagkakataon na mangibang bansa ay kuhanin ang opurtunidad dahil ito ang magpapaunalad sa sarili na siyang makakatulong din sa pagpapaunlad ng bansang kinabibilangan.","Mga kabataan, sa kabanatang 'Mga Gunita sa Bayan,' ang sentral na tema ay ang nostalgia at pagiging makabayan ni Ibarra habang inaalala niya ang kanyang kabataan sa San Diego at ang mga pagbabago sa kanyang bayan. Ang paglalakbay ni Ibarra pabalik sa kanyang bayan ay nagdudulot ng malalim na damdamin ng kalungkutan at pag-ibig sa sariling bayan, habang napapansin niya ang kawalan ng pag-unlad sa kabila ng paglipas ng panahon. Ang mga alaala ng kanyang kabataan, tulad ng kanyang mga karanasan sa ilog at sa kagubatan, ay nagpapakita ng tema ng koneksyon sa kalikasan at sa kultura ng Pilipinas, na nagiging kontra sa kolonyal na impluwensya na nagbabago sa bayan. Ang kabanatang ito ay naglalahad din ng tema ng pagbabago at pagkalimot, kung saan ang mga tradisyon at kabutihan ng bayan ay unti-unting nawawala dahil sa impluwensya ng mga Kastila at ng simbahan. Ang mga obserbasyon ni Ibarra sa kanyang paglalakad ay nagpapakita ng tema ng pag-asa para sa pagbabago, ngunit ang kanyang mga alaala ay nagpapaalala rin ng mga trahedya, tulad ng pagkamatay ng kanyang ama, na nagdudulot ng mas malalim na motibasyon para sa reporma. Ang kabanatang ito ay isang pagsusuri sa pagiging makabayan bilang isang puwersa na humuhubog sa mga plano ni Ibarra, habang inilalantad ang mga hamon ng pagpapanatili ng yaman ng kultura sa ilalim ng kolonyalismo."
Noli Me Tangere,9,Ang Balita Tungkol sa Bayan,"Papunta si Padre Damaso sa bahay nila Kapitan Tiago nang makasalubong nito si Ibarra. Naabutan ni Padre Damaso si Maria Clara at Tiya Isabel na papunta sa beateryo upang kuhanin ang mga gamit ng dalaga. Parang di sang-ayon ang pari kaya bubulong-bulong itong tumungo sa bahay ng kapitan. Niyaya ni Padre Damaso si Kapitan Tiago sa silid-aklatan upang mag-usap ng masinsinan. Sa kabilang dako, si Padre Sibyla naman ay madaling tumungo sa kumbento pagkatapos ng kaniyang misa. Naabutan niya ang isang matandang pari na nakaupo sa silya. Nanlalalim ang mga mata nito at parang naninilaw ang balat. Bakas sa itsura nito ang malapit ng kamatayan dahil sa katandaan at karamdaman. Naparoon si Padre Sibyla upang ikwento sa matandang pari na puro kasinungalingan ang mga paratang ng mga tao laban kay Ibarra. Ikinuwento din ni Padre Sibyla ang kamuntikan nang matuloy na pag-aaway nina Ibarra at Padre Damaso. Isinalaysay din ng pari ang planong pagpapakasal ni Ibarra kay Maria Clara. Ani ng matandang may sakit na hindi na dapat nila dagdagan ang kanilang kasalanan dahil dadating ang oras na haharap na sila sa Panginoon. Natututo na rin ang mga Indio sa tamang paghawak ng kanilang yaman. Nagpahayag ng kanyang saloobin si Padre Damaso kay Kapitan Tiago. Hindi daw sana nangyari ang lahat kung mas naging madalas ang paghingi ng payo ni Maria Clara sa kanya. Hindi mapakaling tumungo si Kapitan Tiago sa silid dasalan at pinagpapapatay ang mga mamahaling kandilang pinasindihan niya kay Maria Clara upang makarating ng payapa si Ibarra sa patutunguhan.","Mga kabataan, sa kabanatang 'Mga Suliranin sa Bayan,' ang sentral na tema ay ang mga isyung panlipunan tulad ng korupsyon, pang-aapi, at kawalan ng hustisya na dinaranas ng mga Pilipino sa ilalim ng kolonyal na pamahalaan. Sa pamamagitan ng mga pag-uusap ni Ibarra sa mga tauhan sa San Diego, tulad ng mga matatanda at kabataan, ipinapakita ang tema ng hindi pagkakapantay-pantay sa lipunan, kung saan ang mga mayayaman at makapangyarihan, lalo na ang mga prayle, ay patuloy na nagsasamantala sa mga ordinaryong tao. Ang mga kuwento ng mga abuso, tulad ng mataas na buwis at sapilitang paglilingkod, ay naglalahad ng tema ng pang-aapi ng mga Kastila at ng simbahan sa mga katutubo. Bukod dito, ang pagnanais ni Ibarra na magtayo ng paaralan ay nagpapakita ng tema ng edukasyon bilang isang paraan ng pagbabago at pagpapalaya, ngunit ito ay agad na nahaharap sa pagtutol ng mga prayle, na nagpapahiwatig ng kanilang takot sa pagbabago. Ang kabanatang ito ay naglalahad din ng tema ng pagkakaisa, kung saan sinusubukan ni Ibarra na tipunin ang mga tao sa bayan upang suportahan ang kanyang mga plano, ngunit napapansin niya ang takot at pag-aalinlangan ng mga tao dahil sa kontrol ng simbahan. Ang kabanatang ito ay isang kritika sa mga hadlang na dulot ng kolonyal na sistema sa mga nagnanais ng reporma, habang ipinapakita ang determinasyon ni Ibarra na labanan ang mga ito."
Noli Me Tangere,10,Bayan ng San Diego,"Ang bayan ng San Diego ay matatagpuan sa gitna ng palayan na siyang malapit din sa lawa. Ito ay mayaman sa asukal, kape, prutas, at bigas. Makikita ang naglalarong mga bata sa lungsod kung maganda ang panahon dito. May ilang umaakyat sa kampanaryo, sa tuktok nito ay may makikitang isang napakahabang ilog na parang kristal na ahas na nakahimlay sa luntiang paligid. Kinakailangan pang tumawid sa umuugoy na tulay bago makarating sa kabilang ibayo ng pampang. Mula sa kampanaryo ay masisilayin din ang isang mahiwagang gubat. Ito ay katulad ng ilang bayan sa Pilipinas na pinamumunuan ng simbahan. Ayon sa isang alamat, may isang matandang Kastila ang dumating sa San Diego. Binili niya ang lupa sa pamamagitan ng damit, salapi, at mga alahas. Matapos ipakita ng matanda ang kayamanan ay bigla itong naglaho. Inakala ng lahat na ang matanda ay isang engkanto. Isang araw ay may umalingasaw na amoy. Natagpuang nakabitin sa puno ng balite ang isang naaagnas na bangkay. Sa takot ng lahat ay tinapon ang mga alahas nito sa ilog at sinunog ang kaniyang mga damit. Nailibing ang bangkay ngunit wala nang naglalakas ng loob na dumaan sa lugar na iyon. Dumating ang isang mestisong Kastila na nagpakilala bilang anak ng namatay. Siya si Don Saturnino. Nagtayo siya ng bahay sa lugar ng pinaglibingan sa ama. Siya ay masikap at masigasig sa pagtatrabaho. Inayos niya ang libingan ng ama at dinadalaw ito paminsan-minsan. Nagpakasal si Don Saturnino sa isang Manilenya. Si Don Rafael ang naging anak nila. Giliw na giliw ang mga magsasaka kay Don Rafael dahil sa masikap niyang pagpapaunlad ng lugar. Mula sa pagiging baryo ay naging nayon ang lugar. Ang pamumunong ito ang naging ugat kung bakit may ilang galit at inggit kay Don Rafael.","Mga kabataan, sa kabanatang 'Ang San Diego,' ang sentral na tema ay ang paglalarawan ng bayan ng San Diego bilang isang microcosm ng kolonyal na Pilipinas, kung saan makikita ang kagandahan ng kalikasan at kultura, ngunit dinudungisan ng mga suliranin tulad ng korupsyon at pang-aapi. Ang detalyadong paglalarawan ng bayan, mula sa mga ilog at kagubatan hanggang sa mga tradisyon ng mga tao, ay nagpapakita ng tema ng pagmamahal sa bayan, ngunit ang mga kuwento ng mga tauhan, tulad ng matandang si Tasio, ay naglalahad ng tema ng pagkalimot sa kasaysayan at kultura dahil sa impluwensya ng kolonyalismo. Ang pagbisita ni Ibarra sa sementeryo, kung saan inilibing ang kanyang ama, ay nagpapakita ng tema ng kalungkutan at paghihintay sa katotohanan, habang ang kanyang mga plano para sa paaralan ay naglalahad ng tema ng pag-asa para sa kinabukasan ng bayan. Ang kabanatang ito ay nagpapakita rin ng tema ng kontradiksyon sa lipunan, kung saan ang kagandahan ng San Diego ay kaakibat ng mga suliranin tulad ng kahirapan at pagsupil ng mga prayle sa mga katutubo. Ang mga usapan ni Ibarra kay Pilosopo Tasio ay naglalahad ng tema ng intelektuwalismo bilang isang paraan upang maunawaan ang mga problema ng lipunan, ngunit nagbabala rin sa mga panganib ng paglaban sa makapangyarihan. Ang kabanatang ito ay isang makapangyarihang paglalarawan ng potensyal ng bayan na umunlad, ngunit napipigilan ng mga puwersa ng kolonyalismo, na nagiging pundasyon para sa mas malalim na salungatan sa nobela."
Noli Me Tangere,11,Ang mga Makapangyarihan,"Si Don Rafael ay hindi makapangyarihan bagamat siya ang pinakamayaman sa lugar. Kailanman ay hindi siya nagyabang kahit siya ay nagmamay-ari ng napakaraming lupain. Hindi din makapangyarihan si Kapitan Tiago bagamat nagpapasalubong siya ng orkestra at nagpapaulan ng regalo. Hindi rin pwede ang alkalde dahil hindi ito nakapag-uutos dahil siya mismo ang sumusunod. Ang tunay na makapangyarihan ay ang kura paroko sa simbahan at ang Alperes. Si Padre Salvi ang kura paroko na pumalit kay Padre Damaso. Siya ay mas mabait na maituturing kumpara kay Padre Damaso. Ang Alperes ay mapambugbog sa asawa, lasinggero, at malupit sa kanyang tauhan. Nakatuluyan niya ang isang Pilipina na si Donya Consolacion na mahilig maglagay ng kolerete sa mukha. Palihim na may hidwaan ang dalawang makapangyarihan ngunit sila ay nagkukunwaring magkasundo sa harap ng madaming tao.","Mga kabataan, sa kabanatang 'Ang mga Makapangyarihan,' ang sentral na tema ay ang paglalarawan ng mga hinintay na kapangyarihan sa bayan ng San Diego, partikular na ang mga prayle at mga opisyal ng pamahalaan, at kung paano nila ginagamit ang kanilang posisyon upang mang-api at magpasunod sa mga tao. Ang kabanatang ito ay nagpapakita ng tema ng abuso ng kapangyarihan, kung saan ang mga prayle tulad ni Padre Damaso at ang mga opisyal tulad ng ensign ay naghahari-harian sa bayan, habang ang mga katutubo ay nananatiling walang boses at api. Ang kanilang impluwensya ay makikita sa kung paano nila kinokontrol ang mga desisyon sa bayan, tulad ng pamamahala sa mga pagtitipon at ang paggamit ng simbahan bilang sentro ng kapangyarihan. Bukod dito, ang kabanatang ito ay naglalahad ng tema ng pagkukunwari, kung saan ang mga makapangyarihan ay nagpapanggap na banal at makatarungan, ngunit ang kanilang mga kilos ay puno ng kasakiman at pagsasamantala. Ang mga tauhan tulad ni Kapitan Tiyago ay nagpapakita ng pagsunod sa mga ito upang mapanatili ang kanyang posisyon, na naglalarawan ng tema ng kolonyal na mentalidad. Ang kabanatang ito ay isang kritika sa istruktura ng kapangyarihan sa kolonyal na lipunan, na nagbibigay-daan sa mas malalim na pagsusuri sa mga epekto nito sa mga ordinaryong tao sa mga susunod na kabanata."
Noli Me Tangere,12,Ang Araw ng mga Patay,"Ang sementeryo ng San Diego ay matatagpuan sa gitna ng malawak na palayan. Ito ay nahaharangan ng lumang pader at kawayan. Sa gitna nito ay may nakapwestong malaking krus. Mahirap ang makarating sa sementeryo dahil sa masukal na libingan. Maputik ang daanan kung tag-ulan, maalikabok naman kung tag-araw. Bumuhos ang napakalakas na ulan noong gabing iyon. Dalawang tao ang mabilis na naghuhukay sa isang bahagi ng sementeryo. Ang isa ay dalubhasa na sa pagiging sepulturero at ang isa naman ay baguhan palang. Hinukay at iniahon ng dalawa ang bangkay na siyang kakalibing pa lamang makalipas ang dalawampung araw. Ang pagpapahukay at pagpapalipat ng bangkay sa libingan ng mga Intsik ay utos mula kay Padre Garrote na siyang si Padre Damaso.","Mga kabataan, sa kabanatang 'Ang Araw ng mga Patay,' ang sentral na tema ay ang kalungkutan at pag-alala sa mga yumao, na isinasalamin sa pagbisita ni Ibarra sa sementeryo upang gunitain ang kanyang ama, si Don Rafael. Ang kabanatang ito ay nagpapakita ng tema ng personal na trahedya, kung saan ang pagkamatay ni Don Rafael ay nagdudulot ng malalim na sakit kay Ibarra, habang ang kanyang pagbisita sa sementeryo ay naglalahad ng tema ng kawalan ng hustisya, dahil ang labi ng kanyang ama ay itinapon sa ilog sa halip na bigyan ng karapat-dapat na libing. Ang paglalarawan ng sementeryo, na puno ng kapabayaan at kaguluhan, ay sumisimbolo sa pagkalimot ng lipunan sa mga hinintay na tao, lalo na sa mga biktima ng pang-aapi ng mga prayle at pamahalaan. Bukod dito, ang kabanatang ito ay nagpapakita ng tema ng pag-asa sa kabila ng kalungkutan, dahil ang mga alaala ni Ibarra sa kanyang ama ay nagiging motibasyon para sa kanyang mga plano sa reporma, tulad ng pagtatayo ng paaralan. Ang kabanatang ito ay isang makapangyarihang kritika sa kolonyal na sistemang nagpapabaya sa dangal ng mga Pilipino, habang nagbibigay ng pundasyon para sa determinasyon ni Ibarra na labanan ang mga suliranin ng bayan."
Noli Me Tangere,13,Ang Babala ng Sigwa,"Sakay sa kanyang kalesa, nagtungo si Ibarra sa sementeryo kasama ang kanyang katiwala upang hanapin ang nitso ng amang si Don Rafael. Ayon sa katiwala, matagal siyang hindi nakabalik sa puntod ni Don Rafael dahil siya ay nagkasakit. Si Kapitan Tiago na daw ang bahalang magpaayos ng nitso. Nagtanim ang katiwala ng mga bulaklak at nagtayo ng isang krus upang maging palatandaan. Agad na nagtungo si Ibarra ng matanaw niya ang krus na tinutukoy ng katiwala. Nang makarating sa likod ng krus ay bigong nakita ang libing. Napahiya ang utusan kay Ibarra at hindi makapaniwala. Pinuntahan nila ang sepulturero na malapit lang sa kinaroroonan nila. Nagtanong ang katiwala sa sepulturero kung mayroon ba itong nakitang puntod na may krus at mga bulaklak. Ayon sa sepulturero, sinunog na niya ang krus na tinutukoy nito dahil ito ang utos ni Padre Garote. Ang bangkay naman ni Don Rafael ay wala na sa nasabing libingan. Pinalipat ni Padre Damaso ang bangkay ni Don Rafael sa libingan ng mga Intsik ngunit dahil sa may kabigatan ang bangkay nito at dahil na rin malakas na ulan ay tinapon nalang nila ang bangkay sa lawa. Awa ang naramdaman ng katiwala habang galit naman ang naramdaman ni Ibarra sa kanyang narinig. Tulalang lumabas si Ibarra ng sementeryo. Napabilis ang lakad nito ng matanaw niya Si Padre Salvi. Huminto si Ibarra sa harap ni Padre Salvi habang nanlilisik ang mga mata sa galit. Sinugod ni Ibarra ang pari at diniinan ang hawak sa balikat nito. Pinagbintangan ni Ibarra si Padre Salvi ngunit agad namang itinanggi ng pari ang paratang. Sa huli ay nalaman rin ni Ibarra na si Padre Damaso ang Padre Garoteng tinutukoy ng sepulturero.","Mga kabataan, sa kabanatang 'Ang Babala ng Sigwa,' ang sentral na tema ay ang mga palatandaan ng paparating na salungatan sa pagitan ng mga hinintay na kapangyarihan at ng mga nagnanais ng pagbabago, na kinakatawan ni Ibarra. Ang kabanatang ito ay nagpapakita ng tema ng tensyon sa lipunan, kung saan ang mga plano ni Ibarra na magtayo ng paaralan ay nakakabangga sa interes ng mga prayle, lalo na ni Padre Damaso, na nakikita ito bilang banta sa kanilang kontrol. Ang mga usapan sa bayan, tulad ng mga bulung-bulungan tungkol sa mga plano ni Ibarra, ay naglalahad ng tema ng takot at pag-aalinlangan ng mga tao sa paglaban sa mga makapangyarihan, dahil sa kanilang karanasan sa pang-aapi. Bukod dito, ang kabanatang ito ay nagpapakita ng tema ng pag-asa at pagsisikap, dahil si Ibarra ay patuloy na nagtatrabaho para sa kanyang mithiin sa kabila ng mga hadlang. Ang simbolismo ng sigwa ay nagpapahiwatig ng paparating na pagbabago, ngunit nagbabala rin sa mga panganib na kaakibat nito. Ang kabanatang ito ay isang mahalagang yugto sa nobela, na naglalarawan ng unti-unting pag-usbong ng salungatan sa pagitan ng tradisyunal na kapangyarihan at ng mga bagong ideya para sa reporma."
Noli Me Tangere,14,Tasyo: Baliw o Pilosopo?,"Si Don Anastacio o mas kilala sa tawag na Pilosopo Tasyo ay kilala sa San Diego dahil siya ay may kakaibang pananaw tungkol sa pulitika at mga paniniwala. Si Tasyo ay dating estudyante ng pilosopiya. Isinantabi niya ang kanyang pag-aaral upang sumunod sa inang matanda na. Pinili niyang huwag nang ipagpatuloy ang kaniyang pag-aaral sa halip ay pinakasalan niya ang kaniyang kasintahan. Ngunit namatay ang kanyang ina at kabiyak. Pagbabasa ng libro ang kanyang inatupag upang hindi niya maalala ang lungkot na sinapit. Naengganyo siyang bumili ng mga aklat kaya napabayaan na niya ang mga kayamanang namana. Simula noon ay tinawag na siyang Pilosopo Tasyo ng mga may kaya sa buhay, samantalang baliw naman ang tawag sa kanya ng mga mapagbirong tao. Nagtataka ang mga tao sa paniniwala ni Tasyo. Masaya siya dahil may gumuhit na kidlat sa madilim na langit at nagbabadya nang bumuhos ang malakas na bagyo. Aniya, ang bagyo ang lilipol sa mga tao na siyang maglilinis sa sanlibutan. Batid niyang mas maiigi pang bumili ng tagahuli ng kidlat kaysa sa mga paputok at kwitis. Hindi din sang-ayon si Pilosopo Tasyo sa pagpapatugtog ng kampana kapag kumukulog dahil ito ay lubhang mapanganib. Pinagtatawanan lang si Pilosopo Tasyo ng sinumang nakakarinig sa kanyang mga mungkahi. Sunod na nagtungo si Tasyo sa simbahan kung saan niya naabutan ang dalawang magkapatid. Sinabihan niya ang mga ito na umuwi na dahil may hinandang espesyal na hapunan ang kanilang ina. Ngunit hindi naman papayagan ang mga ito na umuwi dahil sa mga katungkulan nila sa simbahan. Nang lumabas ang matanda sa simbahan ay nagpatuloy ito sa paglalakad hanggang marating ang bahay ni Don Filipo at Aling Doray. Doon ay pinag-usapan nila ang patungkol sa purgatoryo, bagay na hindi pinaniniwalaan ni Pilosopo Tasyo. Sunod namang talakayan ang pagdating ni Ibarra sa sementeryo. Nabanggit ni Pilosopo Tasyo na isa siya sa anim na kataong dumalo sa libing ng ama ni Ibarra.","Mga kabataan, sa kabanatang 'Tasyo: Baliw o Pilosopo?,' ang sentral na tema ay ang papel ng intelektuwalismo sa isang lipunang kolonyal, na kinakatawan ng karakter ni Pilosopo Tasio, at ang mga hamon na kinakaharap ng mga naghahangad ng pagbabago sa pamamagitan ng kaalaman. Si Pilosopo Tasio ay inilalarawan bilang isang matandang may malalim na pag-iisip, ngunit itinuturing na baliw ng bayan dahil sa kanyang mga ideya na laban sa tradisyon ng simbahan at pamahalaan. Ang kabanatang ito ay nagpapakita ng tema ng pagkakaiba sa pagitan ng karunungan at kabaliwan, kung saan ang mga hinintay na ideya ay madalas na itinakwil ng lipunan dahil sa takot sa pagbabago. Ang mga usapan ni Tasio kay Ibarra ay naglalahad ng tema ng edukasyon bilang isang paraan upang maunawaan ang mga suliranin ng lipunan, ngunit nagbabala rin sa mga panganib ng paglaban sa mga prayle at opisyal. Bukod dito, ang kabanatang ito ay nagpapakita ng tema ng kalungkutan ng isang intelektuwal, dahil si Tasio ay nag-iisa sa kanyang mga pananaw at hindi nauunawaan ng karamihan. Ang kabanatang ito ay isang kritika sa kolonyal na sistemang pumipigil sa malayang pag-iisip, habang ipinapakita ang potensyal ng kaalaman bilang sandata para sa pagbabago."
Noli Me Tangere,15,Ang mga Sakristan,"Ang dalawang magkapatid na nakita ni Pilosopo Tasyo ay nasa ikalawang palapag ng simbahan. Si Crispin ang nakakabata at si Basilio naman ang mas nakakatanda. Sila ang anak ni Sisa. Palaging nakabuntot si Crispin sa kanyang kuya dahil sa takot nito. Sila ay nagtutulungan sa pagpapatunog ng kampanaryo ng simbahan. Pinagbibintangan si Crispin ng sakristan mayor na nagnakaw ng tatlumpu’t dalawang piso. Hindi naman ito mabayaran ng dalawang magkapatid dahil wala nang makakain ang ina kung ibabayad ang kanilang sahod. Batid ni Crispin na sana nga ay ninakaw nalang niya ang pera upang meron siyang maibigay sa kanyang ina at kapatid. Nababahala si Basilio na malaman ng ina ang ibinibintang na pagnanakaw ni Crispin. Tiwala naman si Crispin na paniniwalaan siya ng ina. Bente sentimo lang ang pera ni Crispin. Pinakatagu-tagu pa niya ito sa kanyang aginaldo nung nakaraang pasko. Habang nag-uusap ang magkapatid ay may narinig silang kaluskos. Nagalit ang sakristan mayor dahil narinig niya ang usapan ng dalawang magkapatid. Pinagmulta niya si Basilio dahil sa maling pagpapatunog ng kampana at hindi naman niya pinayagang makauwi si Crispin hangga’t hindi nito nababayaran ang kanyang ninakaw. Sinabi ng sakristan mayor na maaari palang makauwi si Basilio pagsapit ng ika-sampu ng gabi ngunit mapanganib na para kay Basilio ang umuwi dahil pinagbabawal ng gwardiya sibil ang paglalakad sa daanan paglampas ng ika-siyam ng gabi. Nagalit ang sakristan mayor kaya kinaladkad nito sa Cripin palayo kay Basilio. Hindi nakapagsalita si Basilio sa narinig na mga sampal, sigaw, pagmamakaawa na unti-uning nauwi sa katahimikan. Dali-daling pumanhik si Basilio at tumakas gamit ang mga lubid ng kampana. Lumipas ang dalawang minuto, dalawang putok ng baril ang ikinagulat ng lahat.","Mga kabataan, sa kabanatang 'Ang mga Sakristan,' ang sentral na tema ay ang pang-aapi at pagsasamantala sa mga mahihirap at kabataan sa ilalim ng kontrol ng simbahan, na ipinapakita sa pamamagitan ng mga karanasan nina Crispin at Basilio, ang mga sakristan. Ang kabanatang ito ay naglalahad ng tema ng kawalan ng hustisya, kung saan ang mga batang sakristan ay pinagtratrabaho nang husto ng mga prayle, ngunit hindi binibigyan ng sapat na kabayaran at madalas pang inaakusahan ng mga maling gawain, tulad ng pagnanakaw. Ang trahedya ni Crispin, na inakusahan ng pagnanakaw ng pera sa simbahan, ay nagpapakita ng tema ng pagsupil sa mga inosente, habang ang kalagayan ni Basilio ay naglalarawan ng tema ng pag-asa sa kabila ng kahirapan, dahil siya ay nagsisikap na pangalagaan ang kanyang ina, si Sisa. Bukod dito, ang kabanatang ito ay nagpapakita ng tema ng epekto ng kolonyal na sistema sa mga pamilya, kung saan ang mga mahihirap ay lalong nagdurusa dahil sa mga abusadong prayle. Ang mga eksena sa kabanatang ito ay isang makapangyarihang kritika sa simbahan bilang institusyon na nagsasamantala sa mga katutubo, habang nagbibigay ng pundasyon para sa mas malalim na pagsusuri sa mga trahedya ng mga tauhan tulad ni Sisa sa mga susunod na kabanata."
Noli Me Tangere,16,Si Sisa,"Si Sisa ang ina nina Crispin at Basilio. Siya’y nagpakasal sa isang sabungerong lulong sa sugal. Sa tuwing nagkikita ang dalawa ay puro kalungkutan nalang ang nadarama ni Sisa dahil wala na itong maidulot na maganda para sa kanilang pamilya. Puro sarili nalang ang iniisip nito. Madalas pang bugbugin ang asawang si Sisa. Tanging si Basilio at Crispin nalang ang nagpapasaya at nagbibigay pag-asa kaya Sisa. Bata pa si Sisa ngunit bakas sa kanyang mukha ang paghihirap niya. Isang gabi ay naghanda si Sisa ng makakain ng mga anak. Nagsaing at nag-ihaw siya ng tatlong tuyong tawilis. Nakikita na si Sisa ang ligayang idudulot nito sa kanyang mga anak sa pag-uwi nila. Nagpapasalamat si Sisa kay Pilosopo Tasyo dahil sa tapang baboy ramo at isang hita ng patong binigay nito sa kanya. Isang masarap na hapunan ang inihanda ni Sisa para kanyang mga anak. Ngunit sa di inaasahan, dumating ang asawa ni Sisa. Dali-daling nilamon ng asawa nito ang lahat ng inihanda ni Sisa at wala nang itinira para sa mga anak. Pagkatapos kumain ay kinuha nito ang manok na panabong at agad umalis. Muling nanlumo si Sisa at agad na inayos ang sarili dahil sa pag-aakalang parating na ang mga anak. Muling nagsaing at nag-ihaw ng natitirang tawilis si Sisa para sa mga anak. Ilang sandali pa’y narinig niya ang malakas at sunud-sunud na pagkatok ni Basilio.","Mga kabataan, sa kabanatang 'Si Sisa,' ang sentral na tema ay ang trahedya ng isang inang Pilipina na dumaranas ng matinding kahirapan at pang-aapi sa ilalim ng kolonyal na sistema. Si Sisa, bilang ina nina Basilio at Crispin, ay sumisimbolo sa mga ordinaryong Pilipinong nagdurusa dahil sa mga abusadong prayle at pamahalaan. Ang kanyang paghihintay sa kanyang mga anak, na parehong nawala dahil sa mga akusasyon at pagsasamantala ng simbahan, ay nagpapakita ng tema ng kalungkutan at kawalan ng katarungan. Ang kabanatang ito ay naglalahad ng tema ng sakripisyo ng isang ina, kung saan si Sisa ay handang gawin ang lahat para sa kanyang mga anak, ngunit ang kanyang kahinaan bilang isang mahirap na tao ay nagdudulot ng kanyang pagdurusa. Ang paglalarawan ng kanyang buhay, mula sa kanyang simpleng tahanan hanggang sa kanyang pag-aalala sa kaligtasan ng kanyang mga anak, ay isang makapangyarihang kritika sa kolonyal na lipunang nagpapabaya sa mga mahihirap. Bukod dito, ang kabanatang ito ay nagpapakita ng tema ng pag-asa sa kabila ng trahedya, dahil si Sisa ay patuloy na umaasa sa pagbabalik ng kanyang mga anak, kahit na ang mga pangyayari ay nagpapahiwatig ng mas masakit na hinintay. Ang kabanatang ito ay nagbibigay ng pundasyon para sa mas malalim na pagsusuri sa epekto ng kolonyalismo sa mga pamilya at indibidwal."
Noli Me Tangere,17,Si Basilio,"Nang buksan ni Sisa ang pinto tumambad sa kaniya ang kaawa-awang itsura ng anak na si Basilio. Niyakap niya si Basilyo kahit wala na itong lakas. Humagulgol pa ito nang makitang tumulo ang dugo sa noo nito. Inilihim ni Basilio sa ina ang nangyari kay Crispin. Isinalaysay naman niya ang nangyaring pagtakas dahilan kung bakit nadaplisan siya ng bala ng baril sa noo. Agad na ginamot ni Sisa ang sugat ni Basilio habang ikinukuwento ang pangyayari sa nawawalang pera.  Sinisigurado nitong wala siyang mababanggit tungkol sa pananakit ng sakristan mayor sa kapatid na si Crispin. Nalaman ni Basilio na umuwi ang ama sa kanilang bahay bagay na ikinabahala nito. Lingid sa kaalaman ni Basilio ang pananakit ng ama sa ina. Para kay Basilio ay mas mabuti pang wala na lang ang ama nito. Masaya na siya basta kasama niya ang kapatid at ang ina. Sa pagkakaidlip, nagkaroon ng masamang panaginip si Basilio. Nakita niya sa kaniyang panaginip ang pambubugbog ng kura at mayor sakristan kay Sisa hanggang sa wala na itong maramdaman. Narinig ni Sisa ang ungol ng nananaginip na si Basilio. Nang tanungin ni Sisa ang panaginip ng binata ay hindi ito nagsabi ng totoo. Sa halip ay nag-imbento siya ng ibang panaginip. Ipinahayag ni Basilio sa ina ang kanyang plano na tumigil nang magsilbi sa simbahan. Sa halip ay pupunta siya kay Ibarra upang mamasukan bilang pastol ng mga baka at kalabaw niya. Ipapasok naman niya ang kaptid na si Crispin kay Tasyo. Inilahad ni Basilio ang napakagandang plano niya para sa kapatid at ina. Naluha nalang si Sisa ng mapansing wala ang ama sa mga plano nito. Mahigpit na nagyakapan ang mag ina.","Mga kabataan, sa kabanatang 'Si Basilio,' ang sentral na tema ay ang pakikibaka ng isang batang Pilipino na harapin ang mga hamon ng kahirapan at pang-aapi habang hinintay ang kanyang ina at kapatid. Si Basilio, bilang isang batang sakristan, ay nagpapakita ng tema ng katatagan at responsibilidad, dahil siya ay nagsisikap na pangalagaan ang kanyang ina, si Sisa, sa kabila ng kanyang murang edad at ng mga panganib na dulot ng mga prayle. Ang kanyang pagtakas mula sa simbahan matapos ang trahedya ni Crispin ay naglalahad ng tema ng takot at pag-asa, kung saan siya ay tumakas upang makabalik sa kanyang ina, ngunit natutunan niya ang masakit na katotohanan tungkol sa kanyang kapatid. Ang kabanatang ito ay nagpapakita rin ng tema ng kawalan ng hustisya, dahil ang mga batang tulad ni Basilio ay biktima ng maling akusasyon at pagsasamantala ng mga makapangyarihan. Ang kanyang paglalakbay pabalik sa kanyang ina ay sumisimbolo sa kanyang determinasyon na magpatuloy sa kabila ng mga trahedya, na naglalarawan ng tema ng pag-asa sa gitna ng kahirapan. Ang kabanatang ito ay isang makapangyarihang paglalarawan ng epekto ng kolonyal na sistema sa mga kabataan, habang inilalantad ang kanilang laban para sa kaligtasan at dignidad."
Noli Me Tangere,18,Mga Kaluluwang Nagdurusa,"Nagdaos ng misa si Padre Salvi para sa Todos Los Santos sa araw na yaon. Ngunit wala ang magilas na galaw ng pari dahil sa may sakit ito. Lumabas si Padre Salvi sa likod ng sakristiya at dali-daling tumungo sa kalapit na parokyang bahay tirahan nito. Ang paksa ng mga manang at manong ay patungkol sa pagbili ng indulgencia para sa kaligtasan ng mga yumaong kamag-anak na nagdurusa sa purgatoryo. Hindi nila napansin ang pagdating ni Sisa sa lugar dahil sa kaabalahan ng lahat. Dala-dala ang mga handog ni Sisa para sa mga hari, nagtungo siya sa kusina ng kumbento upang iayos ang mga bitbit na gulay na kanyang tanim. Nakausap niya ang tagaluto at nalamang may sakit ang pari kung kaya’t hindi niya ito makakausap. Ikinagulat din niya ang balitang pagtakas ni Crispin kasama ang kaniyang kapatid na si Basilio.  Batid na ito ng mga gwardiya sibil at anumang oras ay pupunta ito sa bahay nila upang hulihin ang dalawa. Bilin ng tagapagluto na ingatan ni Sisa ang mga anak nito lalo na si Crispin dahil baka raw sumunod ito sa yapak ng asawa niyang sabungero. Dali-daling lumabas si Sisa upang lisanin ang nakakapasong tingin ng mga usisera’t usiserong manang at manong. Ipinagpatuloy ni Sisa ang pagluha sa kalsada.","Mga kabataan, sa kabanatang 'Mga Kaluluwang Nagdurusa,' ang sentral na tema ay ang pagdurusa ng mga inosenteng Pilipino sa ilalim ng kolonyal na pamahalaan, na ipinapakita sa mga karanasan nina Sisa, Basilio, at iba pang mga tauhan. Ang kabanatang ito ay naglalahad ng tema ng trahedya, kung saan ang mga ordinaryong tao ay dumaranas ng matinding sakit dahil sa mga abusadong prayle at pamahalaan, tulad ng pagkamatay ni Crispin at ang unti-unting pagkabaliw ni Sisa dahil sa kanyang kalungkutan. Ang paglalarawan ng kalagayan ni Sisa, na nawalan ng mga anak at nawawala sa sarili, ay sumisimbolo sa pagkasira ng mga pamilya sa ilalim ng kolonyalismo. Bukod dito, ang kabanatang ito ay nagpapakita ng tema ng kawalan ng pag-asa, dahil ang mga tauhan ay walang makapangyarihang tumulong sa kanila laban sa mga may kapangyarihan. Gayunpaman, ang pagsisikap ni Basilio na hanapin ang kanyang ina ay naglalahad ng tema ng katatagan, na nagbibigay ng kaunting liwanag sa gitna ng madilim na kalagayan. Ang kabanatang ito ay isang makapangyarihang kritika sa kolonyal na sistemang nagdudulot ng pagdurusa sa mga inosente, habang nagbibigay-daan sa mas malalim na pagsusuri sa mga epekto nito sa mga tauhan tulad ni Sisa at Basilio."
Noli Me Tangere,19,Mga Karanasan ng Isang Guro,"Nagmasid-masid si Ibarra at ang kanyang guro sa San Diego sa tabi ng lawa na parehas nakasuot ng panluksa. Sa lawa na iyon itinapon ang bangkay ng ama. Nagpasalamat si Ibarra sa guro dahil sa pakikiramay nito sa ama. Ayon sa guro ay wala dapat itong ipagpasalamat sapagkat malaki ang utang na loob nito kay Don Rafael dahil isa ito sa mga nabigyan ng tulong nung ito’y nabubuhay pa. Nagtanong si Ibarra kung ano ang kinahinatnat ng pagtulong ng ama sa mga mahihirap. Sinabi ng guro na nakatulong si Don Rafael sa pagpapaunlad ng edukasyon sa kanilang bayan. Ibinahagi din ng guro ang iba’t-ibang problemang kinaharap ng mga guro at ng edukasyon. Kabilang na dito ang kawalan ng motibasyon at interes ng mga estudyante sa pag-aaral, kakulangan sa kagamitan ng mga guro at mga mag-aaral, walang maayos na silid aralan, at ang kawalan ng pagkakaisa sa pagitan ng mga magulang ng mga estudyante at mga nasa katungkulan. Isa din sa balakid sa edukasyon ay ang kakaibang pananaw ng mga pari sa paraan ng pagtuturo ng mga guro. Kahit pa masikap ang mga guro sa pagtuturo ay hindi parin matututo ang mga estudyante kung patuloy na manghihimasok ang mga pari. Nangako naman si Ibarra na tutulong sa abot ng kaniyang makakaya. Sisikapin niyang paunladin ang sistema ng edukasyon sa kanilang lugar. Ipapahatid ni Ibarra ang napag-usapan ng dalawa sa gaganaping miting sa bulwagang bayan na pinaanyaya ng alkalde mayor.","Mga kabataan, sa kabanatang 'Mga Karanasan ng Isang Guro,' ang sentral na tema ay ang mga hamon ng edukasyon sa isang kolonyal na lipunan, na ipinapakita sa pamamagitan ng mga karanasan ng gurong si Maestro at ng kanyang pakikipag-ugnayan kay Ibarra. Ang kabanatang ito ay naglalahad ng tema ng kahalagahan ng edukasyon bilang isang paraan para sa pagbabago, ngunit ito ay nahaharap sa maraming hadlang, tulad ng kakulangan ng suporta mula sa pamahalaan at ang pagtutol ng mga prayle na nakikita ito bilang banta sa kanilang kapangyarihan. Ang mga kuwento ng guro tungkol sa kanyang pagsisikap na turuan ang mga bata sa kabila ng kahirapan at pagtutol ay nagpapakita ng tema ng dedikasyon, ngunit ang kanyang mga karanasan ay naglalarawan din ng tema ng pagkabigo dahil sa mga limitasyon ng kolonyal na sistema. Ang pakikipag-usap ni Ibarra sa guro ay nagpapakita ng tema ng pag-asa, dahil ang kanyang plano na magtayo ng paaralan ay nagbibigay inspirasyon sa guro, ngunit nagbabala rin sa mga panganib ng paglaban sa mga makapangyarihan. Ang kabanatang ito ay isang kritika sa kolonyal na sistemang pumipigil sa pag-unlad ng edukasyon, habang ipinapakita ang determinasyon ng mga tauhan tulad ni Ibarra na itaguyod ang reporma."

Noli Me Tangere,20,Ang Pagpupulong sa Tribunal,"Ang bulwagang pulungan ng San Diego ay dinadaluhan ng mga kinikilalang mamamayan na pawang nagbibigay ng opinyon para sa ikakaganda ng bayan. Sa loob ay makikita ang dalawang grupo ng mga panauhin. Ang una ay ang mga konserbatibo o grupo ng mga nakakatanda na pinamumunuan ng Kabesa. Ang ikalawa naman ay ang mga liberal o grupo ng mga nakakabata na pinamumunuan naman ni Don Filipo. Ang paksa ng pagpupulong ay ang gaganaping pista labing-isang araw mula sa araw na iyon. Kabilang din sa pagpupulong ang pagtatayo ng paaralan sa bayan. Iminungkahi ni Don Filipo na magkaroon ng talaan ng mga gastos sa bawat gawaing isasakatuparan. Bukod dito, plano din niyang magtayo ng isang malaking palabas kagaya ng komedya sa plasa sa loob ng isang linggo. Plano din niyang maglagay ng mga paputok upang mas maging maganda ang pista bagay na tinutulan ng lahat ng nasa bulwagan. Para naman sa Kabesa, dapat gawing simple lang ang pista at tipirin ang pagdiriwang na gaganapin. Hindi rin siya sumang-ayon sa pagbili ng mga paputok na siyang iminungkahi ni Don Filipo. Ang mga panukalang inilahad ng dalawang grupo ay parehas na hindi sinang-ayunan dahil nakapagdesisyon na ang kura sa mangyayaring pista. Magkakaroon ng anim na prusisyon, tatlong sermon, tatlong misa mayor at isang tanghalan katulad ng komedya sa pista.","Mga kabataan, sa kabanatang 'Ang Pagpupulong sa Tribunal,' ang sentral na tema ay ang mga tensyon sa pagitan ng mga hinintay na kapangyarihan sa bayan at ng mga nagnanais ng pagbabago, na ipinapakita sa pagpupulong sa tribunal upang talakayin ang mga plano para sa pista at ang paaralan ni Ibarra. Ang kabanatang ito ay naglalahad ng tema ng pakikibaka para sa kapangyarihan, kung saan ang mga prayle at opisyal ng pamahalaan ay nagtatangkang kontrolin ang mga desisyon sa bayan, habang si Ibarra at ang kanyang mga kaalyado ay nagsisikap na itaguyod ang kanilang mga plano para sa pag-unlad. Ang mga usapan sa pagpupulong ay nagpapakita ng tema ng pagkukunwari, dahil ang mga makapangyarihan ay nagpapanggap na sumusuporta sa mga proyekto, ngunit lihim na hinintay ang pagkabigo nito. Bukod dito, ang kabanatang ito ay naglalahad ng tema ng pagkakaisa, kung saan si Ibarra ay sinusubukang kumbinsihin ang mga tao sa bayan na suportahan ang kanyang plano, ngunit napapansin niya ang takot at pag-aalinlangan ng mga tao dahil sa kontrol ng simbahan. Ang kabanatang ito ay isang mahalagang yugto sa nobela, na naglalarawan ng unti-unting pag-usbong ng salungatan sa pagitan ng mga hinintay na kapangyarihan at ng mga repormista, habang nagbibigay-daan sa mas malalim na pagsusuri sa mga hamon ng pagbabago sa kolonyal na lipunan."
Noli Me Tangere,21,Ang Kasaysayan ni Sisa,Tulirong nagtungo si Sisa pabalik sa kanilang dampa ng matapos marinig ang balita tungkol sa mga anak. Sa kanyang pag-uwi ay natanawan niya ang dalawang gwardiya sibil sa kanyang halamanan na mas lalong nagpakaba kay Sisa. Nakita ng dalawang gwardiya sibil si Sisa at pilit na hinahanap sa kanya ang mga anak. Nang walang maipakita si Sisa hiniling ng mga gwardiya na bigyan nalang sila ng pera para iwan na ito. Nagmakaawa si Sisa ngunit di nagpatinag ang mga gwardiya at kinaladkad ito. Sakto naman na kakatapos lang ng misa sa mga oras na ‘yon dahilan kung bakit mas lumubog si Sisa sa kahihiyan. Payukong lumakad si Sisa ngunit sa kasawiang palad ay napatid siya sa bato dahilan ng pagkasubsob nito sa maalikabok na daan. Batid ni Sisa na siya ang pinagbubulungan at pinagtsitsismisan ng mga tao sa paligid. Dalawang oras ding nakulong si Sisa sa piitan bago ito tuluyang nakalabas. Nang makauwi sa kanilang dampa ay agad niyang hinanap ang mga anak. Ngunit wala siyang naabutan doon kundi ang punit at may dugong damit ni Basilio. Dahil sa lungkot at pagdaramdam nito ay nawala sa katinuan si Sisa. Kinaumagahan ay masayang nagpagala-gala si Sisa habang nagtatatalon at kumakanta.,"Mga kabataan, sa kabanatang 'Ang Kasaysayan ni Sisa,' ang sentral na tema ay ang malalim na trahedya ng isang inang Pilipina na biktima ng pang-aapi at kawalan ng hustisya sa kolonyal na lipunan. Ang kuwento ni Sisa ay naglalahad ng tema ng pagdurusa, kung saan ang kanyang buhay ay unti-unting nasira dahil sa kahirapan, ang pagkawala ng kanyang mga anak, at ang malupit na pagtrato ng mga awtoridad, partikular na ng mga prayle at guwardiya sibil. Ang kanyang pagkabaliw, na dulot ng matinding kalungkutan at pag-asa na makita ang kanyang mga anak na sina Basilio at Crispin, ay sumisimbolo sa pagkasira ng mga ordinaryong Pilipino sa ilalim ng kolonyal na sistema. Ang kabanatang ito ay nagpapakita rin ng tema ng kawalan ng proteksyon para sa mga mahihirap, dahil si Sisa ay walang makapangyarihang tumulong sa kanya laban sa mga abusado. Bukod dito, ang kanyang kasaysayan ay naglalarawan ng tema ng sakripisyo ng isang ina, na handang tiisin ang lahat para sa kanyang mga anak, ngunit natalo ng mga puwersa ng kolonyalismo. Ang kabanatang ito ay isang makapangyarihang kritika sa lipunang nagpapabaya sa mga inosente, habang inilalantad ang mga epekto ng pang-aapi sa mga indibidwal at pamilya."
Noli Me Tangere,22,Ang Liwanag at Dilim,"Tatlong araw pinaghandaan ng bayan ng San Diego ang magaganap na kapistahan. Usap- usapan sa bayan ang pagdating ni Maria Clara at Tiya Isabel. Kumalat din ang balitang pagkikita nila Ibarra at Maria Clara na siyang ikinagalit ni Padre Salvi. Natigil ang lahat sa pag-uusap ng dumating si Ibarra sa bahay nila Maria Clara sakay sa isang karwahe. Nais ng dalawang magkasintahan na magkaroong ng piknik sa tabing ilog kasama ang mga kaibigan nito. Hiling ng dalaga kay Ibarra na kung maaari ay wag na sanang isama si Padre Salvi sa kanilang piknik dahil hindi ito komportable kapag ito ay nasa paligid. Bagay na di sinang-ayunan ni Ibarra.  Aniya si Padre Salvi ay panauhin ni Maria Clara at maganda naman ang pakikitungo nito kay Ibarra. Titiyakin ni Ibarra na sa ibang bangka sasakay si Padre Salvi para hindi ito makasama sa paglalayag. Habang nag-uusap ang dalawa ay biglang dumating si Padre Salvi, nagpaalam si Maria Clara upang magpahinga. Inimbitahan ni Ibarra si Padre Salvi sa kanilang gaganapin na piknik at pumayag naman ito. Paglubog ng araw ay nagpaalam na rin si Ibarra kay Padre Salvi. Habang pauwi ay may isang lalaki ang humingi ng tulong kay Ibarra. Ayon sa lalaki ay nawawala ang kanyang mga anak at nawalan nang bait ang kanyang asawa. Isinama ni Ibarra ang lalaki at nagpatuloy sa pagkukuwento.","Mga kabataan, sa kabanatang 'Ang Liwanag at Dilim,' ang sentral na tema ay ang labanan sa pagitan ng pag-asa at kawalan ng pag-asa sa gitna ng mga hamon ng kolonyal na lipunan, na ipinapakita sa mga karanasan ni Ibarra at ng iba pang mga tauhan. Ang kabanatang ito ay naglalahad ng tema ng pag-ibig bilang liwanag, partikular sa relasyon nina Ibarra at Maria Clara, na nagbibigay inspirasyon kay Ibarra upang ipagpatuloy ang kanyang mga plano para sa reporma, tulad ng pagtatayo ng paaralan. Gayunpaman, ang dilim ay kinakatawan ng mga balakid na dulot ng mga prayle at pamahalaan, na patuloy na hinintay ang kanyang mga pagsisikap. Ang mga usapan tungkol sa kanyang mga plano ay nagpapakita ng tema ng pagtutol sa pagbabago, dahil ang mga makapangyarihan ay natatakot sa anumang pagbabagong maaaring magbigay ng kapangyarihan sa mga katutubo. Bukod dito, ang kabanatang ito ay naglalarawan ng tema ng pagkakakilanlan, kung saan si Ibarra ay nahihirapan sa pagbabalanse ng kanyang mga mithiin bilang isang repormista at ang mga limitasyon ng kanyang posisyon bilang isang Pilipino sa kolonyal na sistema. Ang kabanatang ito ay isang pagsusuri sa mga kontradiksyon sa pagitan ng pag-asa para sa kinabukasan at ng mga hadlang na dulot ng kolonyalismo."
Noli Me Tangere,23,Ang Piknik,"Madaling araw palang ay naghanda na ang magkakaibigan sa gaganaping piknik sa tabing ilog. Kasama rin sa piknik ang mga kawaksi at matatandang babae. Ang magkakaibigang Maria Clara, Iday, Victorina, Neneng, at Sinang ay magkakasama sa iisang bangka. Punong puno ng tawanan ang mga kababaihan habang patungo sa bangkang sasakyan. Nang makaharap naman nila ang mga kalalakihan ay bigla silang naging mahinhin. Sa paglalayag ay nagkaroon ng limang maliliit na butas ang bangkang sinasakyan ng mga kalalakihan kaya agad na naglipatan sa bangkang sinasakyan ng mga kababaihan. Tumahimik at tumigil sa pagtatawanan ang mga dalaga dahil sa hiya nila. Upang hindi mainip sa paglalakbay ay umawit sa Maria Clara ng kundiman. Nang kumulo na ang tubig na pagsisigangan ay nagsimula nang manghuli ang mga binata ng isda. Bigo naman silang makahuli ng isda dahil sa biglang pagsulpot ng buwaya. Tumalon si Elias sa ilog upang labanan ang buwaya dahilan nang pagkabahala ng mga dalaga. Hindi naman kinaya ni Elias ang lakas nito kaya nilundag na rin ni Ibarra ang ilog upang talunin ang buwaya. Nagpatuloy ang magkakaibigan sa pangingisda hanggang sa sila ay makahuli ng sariwang isda. Sama-samang nananghalian ang mga binata’t dalaga sa silong ng puno na malapit sa ilog.","Mga kabataan, sa kabanatang 'Ang Piknik,' ang sentral na tema ay ang pagkukunwari ng kasiyahan sa lipunang kolonyal, na ipinapakita sa pamamagitan ng isang pagtitipon sa ilog kung saan nagkikita-kita ang iba’t ibang tauhan, kabilang sina Ibarra, Maria Clara, at mga kaibigan nila. Ang piknik ay nagpapakita ng tema ng pagkakaisa, kung saan ang mga kabataan ay nagtitipon upang magsaya, ngunit ang mga usapan at kilos nila ay naglalahad ng mga nakatagong tensyon, tulad ng pagkakaiba sa antas ng lipunan at ang impluwensya ng mga prayle. Ang kabanatang ito ay nagpapakita rin ng tema ng pag-ibig at pagkakaibigan, partikular sa mga eksena nina Ibarra at Maria Clara, na nagbibigay ng kaunting liwanag sa gitna ng mga suliranin ng bayan. Gayunpaman, ang insidente ng buwaya at ang pagpapakita ng katapangan ni Ibarra ay naglalarawan ng tema ng panganib at sakripisyo, habang ang mga reaksyon ng iba ay nagpapakita ng tema ng paghanga at pagdududa sa kanyang mga intensyon. Ang kabanatang ito ay isang kritika sa kolonyal na lipunang puno ng pagkukunwari, kung saan ang mga masasayang okasyon ay nagtatago ng mga salungatan at hindi pagkakapantay-pantay."
Noli Me Tangere,24,Sa Kagubatan,"Umaga palang nang makatapos na si Padre Salvi sa kanyang pagmimisa. Hindi natapos ng pari ang kanyang umagahan dahil agad itong umalis patungo sa piknik sakay ng karwahe. Malayu-layo pa lang ay pinahinto na nito ang karwahe nang may narinig na ingay. Sinundan ni Padre Salvi ang ingay at nakita niya nagtatawanang mga dalaga. Nagtago si Padre Salvi sa isang malaking puno habang pinapakinggan at pinagmamasdan ang mga kababaihang nagtatampisaw sa ilog. Gustong gusto na rin lumusong ng pari sa ilog upang sundan ang mga dalaga ngunit napigilan naman niya ang sarili. Napadaan si Sisa sa piknik ngunit umalis din agad. Naging usapan sa salu-salo ang balitang pagkawala ng mga anak ni Sisa bagay na pinagtalunan ni Don Filipo at Padre Salvi. Ayon kay Don Filipo ay mas pinahahalagahan pa ang dalawang onsa na nawala kaysa sa pagkawala ng mga bata. Agad namang pumagitna sa usapan ng dalawa si Ibarra upang di na umabot sa malaking gulo. Nakisali si Ibarra sa mga naglalaro ng Gulong ng Kapalaran. Sinubukan niyang itanong sa gulong kung possible bang matupad ang kaniyang mga plano. Subalit saktong natapat ang dais sa sagot na pangarap lamang. Hindi naman sumang-ayon si Ibarra sa kinalabasan ng laro dahil may sapat nang katibayan at pinahintulutan na din ang pagpapatayo ng bahay-paaralan sa kanilang lugar. Hinati ni Ibarra ang kasulatan at binigay ito kina Maria Clara at Sinang. Nang dumating si Padre Salvi ay agad na pinunit ang kasulatan ng walang pahintulot. Ayon sa pari, isang malaking pagkakasala ang maniwala sa mga kasulatang iyon. Sa dala ng inis, sinagot ni Albino ang kura. Aniya mas malaking pagkakasala ang mangialam sa pag-aari ng iba. Dahil sa narinig ay galit na umalis ang kura pabalik sa kumbento. Habang nagpapatuloy ang lahat sa kani-kanilang gawain, dumating ang mga gwardiya sibil at sarhento. Dumating sila upang dakipin si Elias na pinagbibintangang nanakit kay Padre Damaso. Hinalughog ng mga gwardiya sibil ang buong kagubatan upang hanapin si Elias ngunit nabigo ang mga ito.","Mga kabataan, sa kabanatang 'Sa Kagubatan,' ang sentral na tema ay ang koneksyon sa kalikasan at ang mga nakatagong katotohanan na nahahayag sa mga pribadong sandali, na ipinapakita sa mga karanasan ng mga tauhan sa kagubatan matapos ang piknik. Ang kagubatan ay sumisimbolo sa isang espasyo ng kalayaan mula sa mga mata ng kolonyal na lipunan, kung saan ang mga tauhan tulad ni Ibarra at Maria Clara ay nagkakaroon ng pagkakataon na mag-usap nang mas malalim tungkol sa kanilang mga damdamin at plano. Ang kabanatang ito ay naglalahad ng tema ng pag-ibig bilang puwersa ng inspirasyon, ngunit ang mga usapan ay nagpapakita rin ng tema ng panganib, dahil ang mga plano ni Ibarra ay patuloy na hinintay ng mga prayle at pamahalaan. Bukod dito, ang kagubatan ay nagiging lugar ng paghahayag ng mga lihim, tulad ng mga kuwento ng mga tauhan tungkol sa kanilang mga karanasan sa pang-aapi. Ang kabanatang ito ay nagpapakita rin ng tema ng pag-asa, dahil ang kalikasan ay nagbibigay ng pansamantalang ginhawa mula sa mga suliranin ng bayan, ngunit nagbabala rin sa mga hamon na hinintay ni Ibarra sa kanyang laban para sa reporma. Ang kabanatang ito ay isang makapangyarihang paglalarawan ng kontradiksyon sa pagitan ng kalayaan at pagsupil sa kolonyal na lipunan."
Noli Me Tangere,25,Sa Bahay ni Pilosopo Tasyo,"Nagtungo si Ibarra sa bahay ni Pilosopo Tasyo upang humingi ng suhestiyon sa ipapatayong paaralan. Naabutan niyang nagsusulat si Pilosopo Tasyo gamit ang mga simbolong hayop, bilog, bulaklak, paa, daliri, at kamay. Nagtaka si Ibarra kung bakit ganun ang kanyang sinusulat. Ayon kay Pilosopo Tasyo, nagsusulat siya sa ganung pamamaraan upang hindi ito maintindihan ng mambabasa. Agad namang nagtaka si Ibarra at inakalang baliw ang matanda. Ayon sa paliwanag ni Pilosopo Tasyo, ang kanyang sinusulat ay hindi para sa kasalukuyan kundi sa mga susunod na henerasyong darating. Kung mababasa ng awtoridad ang kanyang sinulat ay paniguradong susunugin ang mga ito. Naisip ni Ibarra na lumapit kay Pilosopo Tasyo dahil batid niyang dito rin lumalapit ang ama na si Don Rafael upang humingi ng payo. Inilabas ni Ibarra ang kanyang mga papeles at sinabi ang planong pagpapatayo ng paaralan. Sinabi ni Pilosopo Tasyo na hindi dapat siya ang nilapitan ni Ibarra kung payo ang kailangan nito dahil baka akalain ng ibang tao na baliw din si Ibarra kung kakaiba ang pananaw nito sa mas nakakarami. Ipinayo ni Pilosopo Tasyo na kumonsulta si Ibarra sa kura, alkalde, at sa lahat ng may mga katungkulan. Maaaring ang mga taong ito ay magbibigay ng masasamang plano ngunit hindi nangangahulugan ng pagsunod. Ayon kay Pilosopo Tasyo, magtatagumpay lamang ang mga plano nito kung tutulungan ng pamahalaan at hindi naman matutuloy kung hindi ito tutulong. Batid pa niya na kayang kayang durugin ng simbahan ang mga pangarap na ito. Gayunpaman, malaki ang paniniwala ni Ibarra na siya ay tutulungan ng kapwa bayan at pamahalaan. Ayon pa kay Pilosopo Tasyo, ang gobyerno ay kagamitan lang ng simbahan. Matatag ito ngunit sa sandaling iwanan ito ng simbahan ay babagsak din. Hindi sumasang-ayon si Ibarra sa mga sinasabi ni Pilosopo Tasyo lalo pa nung sabihin nito na kung nais niyang magkaroon ng katuparan ang kanyang mga plano ay marapat lang na yumuko muna siya sa mga makapangyarihan. Kung hindi niya ito gagawin ay malabong may  mangyari sa kanyang mga plano. Hindi matanggap ni Ibarra ang pananaw na ito ni Pilosopo Tasyo dahil iba ang pananaw na kinalakihan nito mula sa Europa. Ayon kay Pilosopo Tasyo, hindi katanggap-tanggap ang ganitong prinsipyo, dahil ang lupang nais pag-anihan ni Ibarra ay pagmamay-ari ng kanyang kaaway. Dagdag pa ng pilosopo, hindi sapat ang kayamanan at kabutihan ng loob. Dapat ring maunawaan ni Ibarra na ang lupang nais pagtaniman ay puno pa ng mga damo. Batid ni Ibarra ang kahalagahan ng payo ni Tasyo ngunit hindi parin siya nawawalan ng loob. Kung sakaling hindi magtagumpay ang mga plano ni Maaaring hindi magtagumpay ang planong ito ngunit naniniwala siya na mayroong uusbong na punla na siyang magpapatuloy sa pangarap na sinimulan ni Pilosopo Tasyo.","Mga kabataan, sa kabanatang 'Sa Bahay ni Pilosopo Tasyo,' ang sentral na tema ay ang papel ng intelektuwalismo at malayang pag-iisip sa isang lipunang kolonyal, na ipinapakita sa pamamagitan ng mga usapan nina Ibarra at Pilosopo Tasio. Ang bahay ni Tasio, na puno ng mga aklat at simpleng pamumuhay, ay sumisimbolo sa isang espasyo ng karunungan na laban sa tradisyunal na kapangyarihan ng simbahan at pamahalaan. Ang kabanatang ito ay naglalahad ng tema ng pagtutol sa pamahiin at bulag na pananampalataya, dahil si Tasio ay nagbibigay ng mga payo kay Ibarra tungkol sa mga panganib ng paglaban sa mga prayle at sa kahalagahan ng edukasyon para sa pagbabago. Ang kanyang pagiging itinuring na baliw ng bayan ay nagpapakita ng tema ng hindi pagkakaunawaan sa mga hinintay na ideya, habang ang kanyang mga salita ay naglalarawan ng tema ng pag-asa sa pamamagitan ng kaalaman. Bukod dito, ang kabanatang ito ay nagpapakita ng tema ng kalungkutan ng isang intelektuwal, dahil si Tasio ay nag-iisa sa kanyang mga pananaw at hinintay ng lipunan. Ang kabanatang ito ay isang kritika sa kolonyal na sistemang pumipigil sa malayang pag-iisip, habang nagbibigay inspirasyon kay Ibarra na ipagpatuloy ang kanyang laban para sa reporma."
Noli Me Tangere,26,Ang Araw Bago ang Pista,"Bago palang ang araw ng pista sa San Diego ay abala na ang lahat sa paghahanda. Masaya ang bawat tahanan, ang bawat kalye, ang simbahan, at ang sabungan. Ang paligid ay napapaligiran ng banderitas at dekorasyon. Maririnig na din musika at mga tunog ng paputok. Abala na rin ang mga kababaihan sa pagluluto ng handa. Bawat tahanan ay makakakitaan ng mga panauhin. Makikita rin sa bayan ang malaking entablado na pagtatanghalan ng mga sikat na mandudula galing Tondo. Walang tigil sa paglakad ang mga tao at nagtatakbuhan naman ang mga bata. Ang pagdiriwang ay katulad sa eksena ng normal na pista. Habang may kanya kanyang gawain ang lahat, abala din ang mga taong kinontrata ni Ibarra sa pagpapatayo ng paaralan. May naghuhukay ng lupa, naghahalo ng simyento, at may naghahakot ng bato. Si Nol Juan ang naatasan upang mamahala sa proyekto. Ang lahat ng gastos sa pinapatayong gusali ay sagot ni Ibarra. Hindi niya tinatanggap ang anumang tulong mula sa mayayaman at sa mga pari. Ang ipapatayong paaralan ay iginaya sa eskwelahan sa Europa. Kung saan ay hiwalay ang mga babae sa lalaki. Bukod sa may magagarang silid-aralan may nakalaan ding malawak na espasyo para sa pagtatanim ng mga gulay.  Lalagyan din ito ng piitan para sa mga batang tamad mag-aral at sa tabi naman ay palaruan para sa mababait na bata. Marami ang humanga sa ginawang ito ni Ibarra ngunit pinayuhan parin siya ni Pilosopo Tasyo na mag-ingat sa mga kaaway na palihim siyang tinitira.","Mga kabataan, sa kabanatang 'Ang Araw Bago ang Pista,' ang sentral na tema ay ang paghahanda para sa isang malaking pagdiriwang sa bayan ng San Diego, na nagpapakita ng mga tensyon at pagkukunwari sa ilalim ng kasiyahan ng kolonyal na lipunan. Ang paghahanda para sa pista ay naglalahad ng tema ng pagkakaisa sa komunidad, kung saan ang mga tao ay nagtutulungan upang ihanda ang mga dekorasyon at aktibidad, ngunit ito rin ay nagpapakita ng tema ng pagkakaiba sa antas ng lipunan, dahil ang mga mayayaman at makapangyarihan tulad ng mga prayle at opisyal ay may kontrol sa mga desisyon. Ang kabanatang ito ay nagpapakita rin ng tema ng pag-asa ni Ibarra, na nakikita ang pista bilang pagkakataon upang isulong ang kanyang mga plano para sa paaralan, ngunit ang mga bulung-bulungan at pagtutol mula sa mga prayle ay naglalarawan ng tema ng panganib sa kanyang mga reporma. Bukod dito, ang mga paghahanda ay nagpapakita ng tema ng pagkukunwari, kung saan ang mga tauhan ay nagpapanggap na masaya at magkakasundo, ngunit ang mga lihim na plano at salungatan ay nagtatago sa likod ng mga ngiti. Ang kabanatang ito ay isang kritika sa kolonyal na lipunang puno ng pagkukunwari, habang nagbibigay-daan sa mas malalim na pagsusuri sa mga tensyon na lilitaw sa araw ng pista."
Noli Me Tangere,27,Sa Pagtatakipsilim,"Malaki ang handaan sa bahay ni Kapitan Tiago at kaniyang pinagmamalaki na panauhin niya si Crisostomo Ibarra, ang kanyang magiging manugang. Tanyag sa Manila si Ibarra. Ginawan siya ng artikulo na may pamagat na “Tularan Ninyo Siya”. Sinasamantala ni Kapitan Tiago ang kasikatan ng binata at umaasa na kasama siyang mapuri sa mga pahayagan. Sa gabing iyon din ay hinandugan ni Kapitan Tiago si Maria Clara ng isang laket na may dyamante at Esmeralda. Masayang nagharap si Kapitan Tiago at Ibarra. Nagmungkahi naman si Kapitan Tiago na ipangalan ang pinapatayong paaralan kay San Francisco. Niyaya ng mga kababaihan si Ibaraa at Maria Clara upang mamasyal at pinaunlakan naman ng dalawa ang paanyaya. Bilin ni Kapitan Tiago na maagang umuwi ang dalaga dahil kasalo nila sa hapunan ni Padre Damaso. Inanyayahan din ni Kapitan Tiago si Ibarra na makasama sa nasabing hapunan upang magkaayos ang binata at ang pari ngunit nagdahilan si Ibarra na may panauhin din siyang darating. Patuloy sa paglalakad ang mga dalaga kasama ang magkasintahan na sina Maria Clara at Crisostomo Ibarra. Isinama din nila si Sinang ng mapadaan ang mga ito sa kanila. Sa bayan ay may nakita silang isang ketongin na pinandidirihan at nilalayuan ng mga tao. Naawa si Maria Clara sa ketongin, lumapit ito at ibinigay niya ang laket na iniregalo ng ama. Lumapit naman ang baliw na si Sisa sa ketongin. Tinuro niya ang kampanaryo sabay sabing nandoon daw ang kanyang mga anak. Umalis ang ketongin dala ang bigay na laket ni Maria Clara. Natuklasan ni Maria Clara na marami ang mahihirap sa lugar na iyon.","Mga kabataan, sa kabanatang 'Sa Pagtatakipsilim,' ang sentral na tema ay ang mga nakatagong damdamin at lihim na nahahayag sa mga pribadong sandali, habang ang bayan ay naghahanda para sa pista. Ang pagtatakipsilim, bilang isang simbolikong oras, ay nagpapakita ng tema ng paglipat mula sa liwanag patungo sa dilim, na sumasalamin sa mga hamon at panganib na hinintay ni Ibarra sa kanyang mga plano. Ang mga pag-uusap sa kabanatang ito, partikular na sa pagitan nina Ibarra at Maria Clara, ay naglalahad ng tema ng pag-ibig at pag-asa, ngunit ang mga ito ay sinasala ng mga alalahanin tungkol sa mga plano ng mga prayle at pamahalaan laban kay Ibarra. Bukod dito, ang kabanatang ito ay nagpapakita ng tema ng pag-aalinlangan, dahil ang mga tauhan tulad ni Maria Clara ay nagsisimulang magduda sa kaligtasan ng mga plano ni Ibarra. Ang mga eksena sa pagtatakipsilim ay naglalarawan rin ng tema ng paghihintay, kung saan ang mga tauhan ay umaasa sa isang magandang kinabukasan, ngunit natatakot sa mga posibleng trahedya. Ang kabanatang ito ay isang mahalagang yugto sa nobela, na nagpapakita ng unti-unting pag-usbong ng mga salungatan habang papalapit ang araw ng pista."
Noli Me Tangere,28,Ilang Sulat,"Nailatha sa pahayagan sa Manila ang mga kaganapan na nangyari sa araw ng pista ng San Diego. Kasama sa balita ang mga sikat na tao sa San Diego, ang mga pari, maging ang pagtatanghal kasama na ang mga artistang nagsipagganap. Nasiyahan ang mga Kastila sa komedyang nasa wikang Kastila. At masaya namang pinanood ng mga Pilipino ang komedyang nakasalin sa wikang Tagalog. Ngunit si Crisostomo Ibarra ay walang dinaluhan alinman sa dalawa. Kinabukasn ay nagdaos ng isang prusisyon para sa mga santo’t santa. Nagkaroon din ng sayawan sa pangunguna ng mag-amang sina Kapitan Tiago at Maria Clara bagay na ikinainis ng dalaga. Gumawa ng liham ang dalagang si Maria Clara sa kanyang minamahal na si Crisostomo Ibarra. Isang liham ng pag-aalala dahil ilang araw na itong hindi nagpapakita. Ipinaabot ni Maria Clara ang liham sa kapatid-kapatirang si Andeng.","Mga kabataan, sa kabanatang 'Ilang Sulat,' ang sentral na tema ay ang komunikasyon at mga lihim na nahahayag sa pamamagitan ng mga sulat, na naglalarawan ng mga plano, damdamin, at panganib sa kolonyal na lipunan. Ang mga sulat, partikular na ang mga hinintay ni Ibarra mula kay Maria Clara at iba pang mga tauhan, ay nagpapakita ng tema ng pag-ibig at suporta, ngunit naglalaman din ng mga babala tungkol sa mga plano ng mga prayle at pamahalaan laban sa kanya. Ang kabanatang ito ay naglalahad ng tema ng pagsalungat, dahil ang mga sulat ay nagpapakita ng mga lihim na pakana ng mga makapangyarihan upang hadlangan ang mga reporma ni Ibarra. Bukod dito, ang mga sulat ay naglalarawan ng tema ng pagkakakilanlan, kung saan si Ibarra ay lalong nagiging simbolo ng pag-asa para sa mga katutubo, ngunit itinuturing na banta ng mga Kastila. Ang kabanatang ito ay nagpapakita rin ng tema ng pag-aalinlangan at takot, dahil ang mga tauhan ay nahihirapan sa pagtitiwala sa isa’t isa sa gitna ng mga bulung-bulungan at panganib. Ang kabanatang ito ay isang kritika sa kolonyal na sistemang puno ng intriga, habang nagbibigay ng pundasyon para sa mga pangyayari sa araw ng pista."
Noli Me Tangere,29,Ang Araw ng Pista,Maagang nagising ang mamamayan dahil sa tunog na dala ng umiikot na banda ng musiko. Maririnig din ang ingay na hatid ng kalembang ng kampana at mga tunog ng paputok. Magarbo ang mga kasuotan ng lahat kahit ang mga sabungero. Ngunit tanging si Pilosopo Tasyo lang ang hindi nagpalit ng kasuotan. Para sa matanda ay pagsasayang lang ng pera at pagpapakitang tao ang pagdiriwang na iyon. Sa halip na aksayahin ay dapat ilaan nalang ang mga perang ito sa mas kapakipakinabang na bagay. Ganun din naman ang pananaw ni Don Filipo ngunit wala siyang lakas ng loob para di sumang-ayon sa pag-uutos ng pari.  Alas-otso na ng magsimula ang prusisyon ng mga santo at santa. Nagtapos ang prusisyon sa tapat ng bahay Kapitan Tiago kung saan nag-aabang sina Maria Clara at Crisostomo Ibarra kasama na ang iba pang panauhin na Kastila.,"Mga kabataan, sa kabanatang 'Ang Araw ng Pista,' ang sentral na tema ay ang kaguluhan at pagkukunwari ng kasiyahan sa araw ng pagdiriwang, na nagpapakita ng mga tensyon at salungatan sa kolonyal na lipunan. Ang pista sa San Diego ay naglalahad ng tema ng pagkakaisa sa labas, kung saan ang mga tao ay nagtitipon upang magdiwang, ngunit ang mga kilos ng mga prayle, opisyal, at iba pang mga tauhan ay nagpapakita ng tema ng pagkukunwari, dahil ang mga ito ay nagtatago ng mga lihim na plano laban kay Ibarra. Ang kabanatang ito ay nagpapakita rin ng tema ng pag-asa, dahil ang mga plano ni Ibarra para sa paaralan ay sinusuportahan ng ilang mga tauhan, ngunit ang mga ito ay nahaharap sa pagtutol mula sa mga makapangyarihan. Ang mga eksena ng pista, tulad ng mga prusisyon at pagtatanghal, ay naglalarawan ng tema ng kolonyal na impluwensya, kung saan ang mga tradisyunal na Pilipinong gawain ay sinasala ng mga ritwal ng simbahan. Ang kabanatang ito ay isang makapangyarihang kritika sa lipunang kolonyal, na nagpapakita ng mga kontradiksyon sa pagitan ng panlabas na kasiyahan at panloob na salungatan, habang nagbibigay-daan sa mas malalim na pagsusuri sa mga panganib na hinintay ni Ibarra."
Noli Me Tangere,30,Sa Simbahan,Marami ang taong pumunta sa simbahan upang makinig sa misa. Hindi maiwasan ang tulakan at gitgitan sa dami ng taong naroroon. Bali-balitang nagkakahalaga daw ng dalawang daan at limampung piso ang misa sa araw ng kapistahan. Sa kamahalan ay hindi nalalayo ang binabayad sa komedya na nagtatanghal ng tatlong araw. Ngunit paliwanag naman ng maestrong kapatiran ni San Francisco na mas gugustuhin pa niyang gumastos ng mahal sa pakikinig sa sermon kaysa sa panonood ng komedya dahil ang mga kaluluwang nanonood sa komedya ay napupunta sa impyerno at ang mga kaluluwa namang nakikinig sa sermon ay napupunta sa langit. Hindi naman agad nagsimula ang misa dahil wala pa ang alkalde mayor na sinasadya namang magpahuli upang mapansin ng lahat ang kanyang pagdating suot ang nagkikislapang medalya na simbolo ng kanyang tungkulin sa pamahalaan. Nang dumating ang alkalde ay sinimulan na agad ang misa. Tumindig sa pulpito ang pari na parang sinasabi na siya ay isang Franciscano na dapat sundin.,"Mga kabataan, sa kabanatang 'Sa Simbahan,' ang sentral na tema ay ang kapangyarihan ng simbahan sa kolonyal na lipunan at ang mga tensyon na dulot ng mga plano ni Ibarra sa gitna ng relihiyosong pagdiriwang. Ang mga eksena sa simbahan sa araw ng pista ay nagpapakita ng tema ng kontrol ng simbahan, kung saan ang mga prayle tulad ni Padre Damaso ay gumagamit ng kanilang posisyon upang impluwensyahan ang mga tao at hadlangan ang mga reporma ni Ibarra. Ang kabanatang ito ay naglalahad ng tema ng pagkukunwari, dahil ang mga relihiyosong ritwal ay nagpapanggap na banal, ngunit nagtatago ng mga pansariling interes ng mga prayle. Bukod dito, ang mga usapan at kilos ni Ibarra sa simbahan ay nagpapakita ng tema ng katapangan, dahil siya ay patuloy na nagtatrabaho para sa kanyang mga mithiin sa kabila ng mga panganib. Ang kabanatang ito ay naglalarawan din ng tema ng pag-aalinlangan, dahil ang mga tao sa simbahan ay nahahati sa pagitan ng suporta kay Ibarra at takot sa mga prayle. Ang kabanatang ito ay isang kritika sa simbahan bilang institusyon na nagsasamantala sa pananampalataya ng mga Pilipino, habang nagbibigay ng pundasyon para sa mas malalim na salungatan sa mga susunod na kabanata."
Noli Me Tangere,31,Ang Sermon,"Nagsimula na si Padre Damaso sa kanyang sermon nang makita niyang nakatuon na ang paningin ng lahat ng tao sa kanya. Sinimulan niya ang sermon sa pamamagitan ng pagbibigay ng isang salita mula sa Bibliya.  Namangha sina Padre Sibyla at Padre Martin sa magandang bwelo ng pari. Ayon sa kanyang sermon, ang salita ng Diyos ay dapat magkaroon ng bunga sa bayan na iyon kung kaya’t ito ay hindi dapat itanim sa mabatong lupa. Nagbanggit din siya ng mga tao na dapat tinitingala dahil sa kanilang pananampalataya katulad ni David, Roland, at ang mga gwardiya sibil ng kalangitan. Ang sermon ni Padre Damaso sa wikang Kastila ay hindi naiintindihan ng mga Indio. Tanging ang mga salitang tulisan, gwardiya sibil, San Francisco, at San Diego lang ang naiintindihan ng mga Indio. Marami sa mga nakikinig ang inaantok na sa sermon ng pari. Naghihikab na si Kapitan Tiago at sinusulyapan naman ni Maria Clara si Ibarra sa kanyang kinauupuan. Pinatamaan ni Padre Damaso sa kaniyang sermon si Ibarra dahilan kung bakit nagalit ang binata. Dagdag pa niya na ang mga anak ng mga erehe ay bastos at walang galang. Samantala, walang sinumang nakapansin na nakapasok si Elias sa simbahan. Lumapit ito kay Ibarra at binalaan na mag-ingat sa seremonya ng pagbabasbas na gaganapin bukas. Aniya, huwag lalapit si Ibarra sa pundasyong bato dahil maaari niya itong ikamatay. Bigla namang nawala si Elias ng minsan pang lingunin ito ni Ibarra.","Mga kabataan, sa kabanatang 'Ang Sermon,' ang sentral na tema ay ang paggamit ng simbahan bilang kasangkapan ng kapangyarihan at pang-aapi sa kolonyal na lipunan, na ipinapakita sa pamamagitan ng sermon ni Padre Damaso sa araw ng pista. Ang sermon ay naglalahad ng tema ng pagkukunwari, dahil si Padre Damaso ay gumagamit ng kanyang posisyon sa pulpito upang manlait at magbanta sa mga hinintay na laban sa kanya, partikular na si Ibarra, sa halip na magbigay ng tunay na espirituwal na gabay. Ang kanyang mga salita, na puno ng pang-iinsulto sa mga Pilipino at pagtatanggol sa kapangyarihan ng simbahan, ay nagpapakita ng tema ng rasismo at abuso ng kapangyarihan. Bukod dito, ang reaksyon ng mga tao sa simbahan, na nahahati sa pagitan ng takot at pag-aalinlangan, ay naglalarawan ng tema ng kontrol ng simbahan sa damdamin at pananaw ng mga Pilipino. Ang kabanatang ito ay nagpapakita rin ng tema ng katapangan, dahil si Ibarra ay nananatiling matatag sa kabila ng mga paninirang-puri ni Padre Damaso. Ang kabanatang ito ay isang makapangyarihang kritika sa simbahan bilang institusyon na nagsasamantala sa pananampalataya upang mapanatili ang kapangyarihan, habang nagbibigay-daan sa mas malalim na salungatan sa nobela."
Noli Me Tangere,32,Ang Paghugos,"Nagtayo ang taong madilaw ng isang makinarya na siyang nagtataas at nagbababa ng mabibigat ng bagay gaya ng bato at bakal. Ayon sa taong madilaw ay si Don Saturnino, lolo ni Ibarra pa ang nagturo sa kanya kung paano gamitin ang makinarya. Pinaghandaan ni Ibarra ang espesyal na okasyon. Nagpaluto siya ng masasarap na pagkain para sa lahat ng makikilahok. Nagdaos naman ang mga guro ng palaro katulad ng palosebo, pabitin, at pukpok sa palayok. Nais ni Ibarra na maging masaya at matagumpay ang pagpapatayo sa paaralan. Mayroon ding masayang tugtugan na hatid ng banda. Naroroon ang mga panauhing inanyayahan ni Ibarra katulad ng alkalde, Kapitan Tiago, alperes, at si Padre Salvi. Naroroon din ang mga naggagandahang dilag kung saan pansin na pansin ang kagandahan ni Maria Clara.  Tumigil na ang tunog ng banda hudyat na magsisimula na ang seremonya. Pinalibutan ng lahat ang nakaukang bato. Nang mapatingala si Ibarra sa itaas ay nakita niya ang madilaw na lalaki na nakangisi. Biglang bumilis ang tibok ng puso niya at naalala ang babala ni Elias nung nasa simbahan. Nabuhayan naman siya ng loob nanng mapansing malapit si Elias sa kinaroroonan ng taong madilaw. Nagsimula nang magbigay ng sermon si Padre Salvi at mapapansing nangangatal ang boses habang nagbabasa. Ipinasok na ang kahong kristal sa tinggang bumbong. Nagmungkahi ang alkalde na si Ibarra ang maglagay sa ukang bato ngunit tumanggi ito at nagmungkahi na ang Eskribano nalang ang magsagawa nito. Agad na kinuha ng eksribano ang tinggang bumbong at bumaba sa baitang na kinaroroonan ng uka at inilagay ang mga katibayan ng kasaysayan. Binendisyunan ni Padre Salvi at sunud-sunod na bumaba sa hagdan ang mga piling panauhin. Isang ritwal ang paglalagay ng simyento. Pinangunahan ng alkalde ang ritwal na sinundan naman ni Padre Salvi. Habang bumababa ang pari ay tumingin ito sa umuugang bato na nakatali sa lubid. Madaling nagpalitada ang pari at pansin parin ang panginginig ng kanyang tuhod. Sunud- sunod nang nagpalitada ang iba pang piling panauhin. Napansin naman ni Padre Salvi na hindi pa nagpapalitada si Ibarra. Napilitang kuhanin ni Ibarra ang pala at ikinatuwa naman ito ng mga panauhin. Sa isang iglap ay kumawata ang mga lubid na siyang humahawak sa malaking bato. Nagulantang ang lahat. Ang iba ay piniling lumayo ngunit may ilan-ilang lumapit upang tignan kung sino ang nadaganan ng malaking bato. Nakita ng lahat ang nakatayong si Ibarra habang hawak ang pala. Sa paanan ng binata ay may duguang katawan ng isang madilaw na lalaki.","Mga kabataan, sa kabanatang 'Ang Paghugos,' ang sentral na tema ay ang mga lihim na pakana at pagsalungat laban kay Ibarra, na nagpapakita ng mga panganib na hinintay ng isang repormista sa kolonyal na lipunan. Ang kabanatang ito ay naglalahad ng tema ng pagsasabwatan, kung saan ang mga prayle at opisyal, tulad ni Padre Salvi, ay nagpaplano upang wasakin ang mga plano ni Ibarra, partikular na ang kanyang proyekto sa paaralan. Ang mga eksena ng paghugos, na puno ng mga bulung-bulungan at lihim na usapan, ay nagpapakita ng tema ng pagkukunwari, dahil ang mga makapangyarihan ay nagpapanggap na sumusuporta sa mga proyekto ng bayan, ngunit lihim na hinintay ang mga ito. Bukod dito, ang kabanatang ito ay naglalarawan ng tema ng panganib, dahil ang mga plano laban kay Ibarra ay nagdudulot ng banta sa kanyang kaligtasan at sa kanyang mga mithiin. Ang determinasyon ni Ibarra na ipagpatuloy ang kanyang laban ay nagpapakita ng tema ng katatagan, ngunit nagbabala rin sa mga hadlang na dulot ng mga makapangyarihan. Ang kabanatang ito ay isang kritika sa kolonyal na sistemang puno ng intriga, habang nagbibigay ng pundasyon para sa mga trahedyang darating sa mga susunod na kabanata."
