theme_tagalog,corpus_sentence_id,corpus_sentence_text,reason
Pagkamapagpatuloy,7434,"Datapwat hindi ako pinakingan ng Alkalde, at sinabi sa aking pag-uusapan na raw namin ang mga bagay na ito pagka tapos ng mga fiesta.",This scene vividly encapsulates the underlying tensions of the theme within the narrative flow.
Pagkamapagpatuloy,7440,"Payapa, ngunit malulugdin sa mga panooring nauukol sa mga pagbabaka at sa mga labanang sumasabog ang dugo, ibig ang pagkakapantay-pantay, datapwat sumasamba sa mga emperador, sa mga hari at sa mga prinsipe; hindi mapagpitagan sa relihiyon, ngunit iniwawaldas ang pamumuhay sa mga walang kabuluhang pag paparangalan sa mga fiesta; ang mga babae rito sa atin ay may kaugaliang matimyas, ngunit nangahahaling pagka nakakakita ng isang princesang nagpapa-ikit ng sibat ...",Showcases the character interactions that perfectly define this specific thematic element.
Pagkamapagpatuloy,7511,"Sa kagalingang palad ng mga moro, na nangagsisipaghanda na sa labanang tinutugtugan ng ""himno de Riego"", ay siyang pagkakaroon ng isang gulo.",A powerful moment highlighting the profound societal impact of this thematic struggle.
Pagkamapagpatuloy,7585,"Marahil ay ang Corresponsal ng peryodiko, na winakasan ang pagsaysay ng fiesta at ng lahat ng mga nangyari sa ganitong paraan:",Demonstrates the intricate dynamics and emotional weight tied to this particular theme.
Pagkamapagpatuloy,2861,"ang ipinaalaala ni tia Isabel;—bukod sa roo'y lalong mabuti ang bahay natin doon, at saka malapit na ang fiesta.","Highlights the pervasive, undeniable presence of this issue within the colonial setting."
Relihiyon,7411,"Nanghihinamad na napaiimbulog at nagnining sa madilim na langit ang ilang globong papel, na ipinaitaas sa pamamagitan ng aso at ng hanging pinainit.",Details the performative and heavily institutionalized aspects of colonial religious ceremonies.
Relihiyon,7422,"Mga pagpaparoo't parito, mga sigawan, mga ingayan sa pagtataka, mga halakhakan, isang huli na sa panahong ""buskapie"", isang ""reventador"" ang siyang nangagdaragdag ng kaingayan.",Shows how the friars manipulate the concept of God and salvation to maintain absolute social control.
Relihiyon,7432,Tinatanggap ng kahi't hari man ang kanyang mga lakas sa bayan at tinatanggap naman ng bayan sa Diyos ang kanyang lakas.,A critical look at the transactional nature of the church where faith is monetized through indulgences and masses.
Relihiyon,7446,Kasama rin naman ng kura ang ilang mga mamamayang ang hanap-buhay umalakbay tuwina sa mga prayle.,"Captures the deep, sometimes misguided, devotion of the natives intertwined with systemic church dominance."
Relihiyon,7450,"May mga mata at may pakinig ang lahat ng na sa escenario, liban lamang sa isa: si pari Salvi.",Highlights the stark contrast between true spiritual faith and the corrupt practices of the organized colonial church.
Kapangyarihan at Kawalang-Katarungan,7469,"Kailan man po'y nananagot ako, padre, sa lahat ng mga gawang bukal sa aking sariling kalooban,—ang isinagot ni don Filipo na yumuko ng kaunti;—datapwat hindi binibigyang pahintulot ako ng aking maliit na kapangyarihang makialam sa mga bagay na nauukol sa relihiyon.",A brutal demonstration of unchecked civil or religious authority executing unjust punishments on the defenseless.
Kapangyarihan at Kawalang-Katarungan,7503,Sa pagka't nagsuntukan ang alferez at ang ginoong babae ay hindi sila makatulog.,Showcases how those in power manipulate the law entirely to serve their own vindictive ends.
Kapangyarihan at Kawalang-Katarungan,7504,"Sabihin po ninyo sa alferez, na binigyan kami ng kapahintulutan ng Alkalde Mayor, at ""wala sino man"" sa bayang may kapangyarihan sumalangsang sa kapahintulutang ito, kahi't ang gobernadorsilyo man, na siyang tangi kong mataas na puno.",Highlights the absolute lack of recourse for ordinary citizens facing the wrath of the alferez or the friars.
Kapangyarihan at Kawalang-Katarungan,7528,Umulan ang mga bato sa pulutong ng mga kwadrilyerong naghahatid sa dalawang gwardya sibil; may isang nagyayakag na silabin ang kwartel at iihaw roon si doña Consolaciong kasama ang alferez.,"Exposes the raw, physical violence used by the ruling class to enforce their unjust dominion."
Kapangyarihan at Kawalang-Katarungan,15416,Kailangan na magkaroon ng isa upang maligtas ang karangalan ng kapangyarihan at huwag masabing tayo’y nag-ingay nang katakot-takot ng wala namang sanhi.,A scene that perfectly encapsulates the theme of power deployed without a shred of moral justice.
Edukasyon,15423,"Maipahintulot po sa akin ng inyong Karilagan—ang sabi ng mataas na kawani na nagkataong kaharap;—ngunit may nagsabi sa akin na ang binatang iyan ay nag-aaral sa Medicina, ang kaniyang mga guro’y mabuti ang sinasabing ukol sa kanya.... kung magpapatuloy sa pagkabilanggo ay masasayangan ng isang taon, at sa dahilang sa taong ito magtatapos....",Exposes the dire lack of proper academic resources and the intense struggles of students attempting to learn.
Edukasyon,7048,"anang Gobernador General na naupo at tuloy itinuro sa kanya ang isang upuan;—bayaan ninyong ako'y magtamo ng sandaling pagbubukas ng puso; totoong malaki ang aking pagkalugod sa inyong kaasalan; kaya nga't kayo'y inihingi ko na sa Gobyerno ng Hari ng isang ganting palang dangal (kondekorasyon), dahil sa kaisipan ninyong pagkakaawang gawang pagtatayo ng isang paaralan ...","Highlights the friction between progressive native students and the regressive, dogmatic teaching methods of the friars."
Edukasyon,14869,"ang sabi,—ngunit huwag ninyong ipalagay na ako’y inyong guro; ako’y isang prayle at kayo’y isang nag-aaral na pilipino; walang labis, walang kulang!",Focuses directly on the university setting as a battlefield for intellectual freedom.
Edukasyon,14981,"ang patuloy ni Isagani na iba na ang ayos, makaraan ang isang sandaling pananahimik—huwag tayong pumasok ngayon sa pagsuri ng kadahilanan, sapagka’t mapapalayo tayo sa pinag-uusapan; ngunit kayo Padre Fernandez, kayo, guro, kayo, taong may karunungan, ibig ninyo ang isang bayan ng mga manananim, ng mga magsasaka!",Demonstrates how education is deliberately restricted to prevent the native population from awakening.
Edukasyon,14984,"Hindi, ibig kong ang karunungan ay taglayin noong dapat magtaglay, noong makapag-iingat sa kaniya,—ang sagot,—kapag nagpakita ang mga nag-aaral ng katibayan ng pag-ibig sa kaniya; kapag nagkaroon na ng mga binatang may pananalig, mga binatang marunong magtanggol sa kaniyang karangalan at maipagalang ito, ay magkakaroon ng karunungan, magkakaroon na ng mga gurong may paglingap!",A scene showing the burning desire of the youth for genuine learning despite the oppressive curriculum.
Pamilya at Dangal,7414,"Sinusuhan din naman ang maraming mga ""rueda"", mga ""kastilyo"", mga toro o mga kalabaw na apoy, at isang malaking volkang sa ganda at kadakilaa'y linaluan ang kalahatlahatang nakita hanggang sa panahong iyon ng mga taga San Diego.",Focuses on the deep emotional bonds and the intense pressure to maintain family honor against societal ruin.
Pamilya at Dangal,7420,"Ang kaginoohan sa bayan, ang mga kastila at ang mga mayayamang dayo'y nangagsisiupo na sa nahahanay na mga silya.",A tragic scene detailing how the sins or downfalls of the parents brutally affect the honor of the children.
Pamilya at Dangal,7421,"Ang bayan, ang mga taong walang katungkulan at walang mga dangal na kaloob ng pamahalaa'y siyang nakalalaganap sa nangatitirang lugar sa plaza; may pas-ang bangko ang mga iba, na ang karaniwa'y hindi ng upuan kung di ng bigyang kagamutan ang pagka pandak: pinanggagalingan ang ganitong gawa ng maiingay na mga pagtutol ng mga walang bangko; pagkakagayo'y nangagsisipanaog agad-agad ang mga nakatayo sa bangko; ngunit hindi nalalao't sila'y muling pumapanhik, na parang walang ano mang nangyari.",Showcases the extreme lengths a character will go to protect the family name from colonial disgrace.
Pamilya at Dangal,7423,"Sa dako rito'y may nababaling paa ng isang bangko at nangahuhulog sa lupa, sa gitna ng tawanan ng karamihan, ang mga taong nanggaling sa malayo at ng makapanood ay ngayo'y siyang nagiging panoorin; sa dako roo'y nangag-aaway sa pagpapangagaw sa lugar; sa dakong malayo pa roo'y may nariringig na isang kalampagan ng nababasag na mga kopa at mga bote: yao'y si Andeng na may dalang mga alak at mga pangpatid uhaw; maingat na tangan ng dalawang kamay ang malapad na bandeja, ngunit kanyang nakasalubong ang sa kanya'y nangingibig, na nag-akalang magsamantala ng gayong kalagayan ...",Highlights the pain of seeing a family destroyed by external oppressive forces.
Pamilya at Dangal,7424,"Nangungulo sa pamamanihala at kahusayan ng panoorin ang teniente mayor na si don Filipo; sa pagka't malulugdin sa ""monte"" ang gobernadorsilyo.","A poignant reflection on ancestral pride, familial duty, and the devastating loss of personal honor."
Pag-aalay at Pagsasakripisyo,7452,"Ngunit hindi nangagsasaysay ng pagliyag ang mga mata ng franciskano, na lubhang natatago sa malalim na hungkag na kinalalagyan ng kanyang mga paningin; nababasa sa mga titig na iyon ang isang bagay na kahapisang may malaking pagngingitngit: ¡gayon marahil ang mga mata ni Kain sa panonood, buhat sa malayo, ng Paraiso, ng mga kaligayahan, doo'y ipinakilala sa kanya ng kanyang ina!","Provides a profound example of ultimate self-sacrifice, offering one's life or happiness for a greater cause."
Pag-aalay at Pagsasakripisyo,7461,"Kasama namin ang kura, at sinasaysay sa amin ang mga naging buhay ng mga napakasama; ¿nakita mo na?",Highlights the agonizing choices made by characters willing to lose everything to protect others.
Pag-aalay at Pagsasakripisyo,7474,"Daramdamin kong totoo, datapwat hindi ako makapagpapalayas dito sa kanino man.",A tragic declaration emphasizing that genuine love for the country requires immense personal bloodshed.
Pag-aalay at Pagsasakripisyo,7551,"ang itinanong ng binata, na natitigagal, datapwat malayo na ang teniente mayor.","Shows the quiet, heartbreaking sacrifices made purely out of duty to family or homeland."
Pag-aalay at Pagsasakripisyo,7558,"Naringig ang masilakbong pagmamatuwiran, mabilis na tutulan; pagkatapos ay untiunting nagpasimula ng paghihiwahiwalay ng mga magkakapulutong, at naalis sa bawa't isa ang anyong may gagawing kaguluhan.",Exemplifies the theme by placing self-destruction squarely in the path of securing national or familial liberation.
Pribilehiyo,7419,"Sa harap ng escenario (palabasan) ay pinagtotonotono ng orkesta ang kanilang mga instrumento, ipinariringig ang mga pangunahin ng mga tugtugin; sa likuran ng orkesta'y naroroon ang lugar na sinasabi ng korresponsal sa kanyang sulat.",Directly showcases the untouchable status of the ruling colonial figures like the alferez or kapitan.
Pribilehiyo,7445,Sumusunod sa kanila ang kurang may kasamang isa pang franciskano't ilang mga kastila.,Demonstrates how wealth and title allow individuals to bypass local laws completely.
Pribilehiyo,7453,"Nagtatapos na ang ""akto"" (bahagi) ng pumasok si Ibarra; pinanggalingan ang pagdating niya roon ng isang bulungbulungan: siya at ang kura ang siyang pinagtiningan ng pagpansin ng lahat.",A clear depiction of the social hierarchy where friars and elites demand immediate subservience.
Pribilehiyo,7463,"Nagtindig ang kura at lumapit kay don Filipo, na tila mandin kanyang pinakipagtalunan ng masilakbo.",Highlights the stark contrast between the pampered lives of the Donyas and the suffering of the natives.
Pribilehiyo,7464,"Mainit ang pananalita ng kura, mahinusay naman at mahina ang pananalita ni don Filipo.",Exposes how colonial privilege is used as a weapon to assert dominance over lower classes.
Pag-iisa,7439,"hindi ko kinakailangan ang sino man sa pananaginip at sa paggawa ng mga kaululan, sukat na akong mag-isa,—ang isinagot ng pilosopong kalakip ang isang tawang palibak;—datapwat ngayo'y naalaala ko, ¿hindi ba tinatawag ang inyong paglilining ng kaugalia't hilig ng ating bayan?",Paints a heartbreaking picture of profound solitude and abandonment perfectly defining the theme.
Pag-iisa,2886,"Kayo ang magsabi't may bango kayo sa inyong hininga at may mga kulay kayo sa inyong mga labi; ikaw, ""cefiro"" ang magsabi yamang nag-aral ka ng di karaniwang mga tinig sa lihim ng gabing madilim at sa talinghaga ng aming mga kagubatang virgen; sabihin ninyo, mga sinag ng araw, maningning na tagapagpakilala sa lupa ng Walang Hanggan, tanging hindi nahahawakan sa daigdig ng mga natatangnan: kayo ang mangagsabi, sa pagka't wala akong nalalamang isaysay kung di mga kahalingang hindi mainam dinggin.",Captures the deep emotional isolation of a native character separated from society or family.
Pag-iisa,2899,"Natatandaan mo ba ang gabing yaon, ang gabing yaong sumisigwa, na ikaw, ng makita mo akong nag-iisang tumatangis sa siping ng bangkay ng aking ina'y lumapit ka sa akin, ilinagay mo ang iyong kamay sa aking balikat, ang kamay mong malaon nang ayaw mong ipahintulot na aking matangnan, at iyong sinabi sa akin: ""Nangulila ka sa iyong ina, ako'y hindi nagkaina kailan man.",Focuses on the physical and psychological loneliness of confinement or exile in the narrative.
Pag-iisa,2907,"Sa mga panagimpan ko'y nakikita ko ikaw na nakatindig sa tabing dagat ng Maynila, nakatanaw sa malayong abot ng paninging nababalot sa malamlam na liwanag ng maagang pagbubukang liwayway; aking naririnig ang isang aaying-aying at malungkot na awit na sa aki'y pumupukaw ng nagugulaylay ng mga damdamin, at tinatawag ko sa alaala ng aking puso ang mga unang taon ng aking kamusmusan, ang ating mga katuwaan, ang ating mga paglalaro, ang buong nakaraang maligayang panahong binigyan mong kasayahan, samantalang doroon ka sa bayan.",A tragic moment where the character is left utterly alone to face the harsh realities of colonial life.
Pag-iisa,2911,"Kung minsa'y naliligaw ako sa mga landas ng mga kabundukan, at ang gabing doo'y untiunti ang pagdating ay nararatnan akong naglakad pa't hinahanap ko ang aking daan sa gitna ng mga ""pino,"" ng mga ""haya"" at ang mga ""encina""; kung nagkakagayon, kung nakalulusot ang ilang mga sinag ng buwan sa mga puang ng masinsing mga sanga, wari'y nakikinikinita ko ikaw sa sinapupunan ng gubat, tulad sa isang nagpapagalagalang aninong gagalawgalaw at nagpapakabikabila sa liwanag at sa mga kariliman ng malagong kaparangan, at saka ipinaririnig ng ""ruiseñor"" ang kanyang iba't ibang kawiliwiling huni, inaakala kong dahil sa ikaw ay nakikita't ikaw ang siyang sa kanya'y nakaaakit.",Evokes a strong sense of despair as the character confronts the wilderness or society's absolute rejection.
Paghihiganti,2883,"Sa mga sandaling yaon, pagka nagkakawatasan ang dalawang linikhang sumasaligaya sa kilos ng mga balintataong natatabingan ng mga pilik-matang pinaglalampasanan ng pag-iisip, ang pananalita'y mabagal, magaspang, mahina, wangis sa ugong ng kulog na nangangalagkag at walang tuos kung isusumag sa nakasisilaw na liwanag at mabilis ng kidlat: nagsasaysay ng isang damdaming kilala na, isang isipang napag-uunawa, na, at kaya lamang ginagamit ito'y sa pagka't ang mithi ng puso'y siyang nakapangyayari sa buong katauhang saganang sagana sa galak, ibig na ang buong katawan niyang kasama ang lahat ng sankap na laman, buto at dugo at ang buong kaisipan ay magsaysay ng hiwagang mga katuwaang inaawit ng espiritu.",Directly states the chilling intent to return bloodshed for bloodshed in response to unpunished crimes.
Paghihiganti,10875,"Nang umagang iyon ay lalo pang namumuhi si aling Victorina dahil sa hindi siya pinapansin ng mga kalipon, at dapat nga namang magkagayon, sapagka’t tignan nga naman ninyo: magkalipon doon ang tatlong prayleng nananalig na ang buong mundo’y lalakad ng patiwarik sa araw na sila’y lumakad ng matuwid; isang walang pagal na Don Custodio na payapang natutulog, na siyangsiya ang loob sa kaniyang mga munakala; isang walang pagod na manunulat na gaya ni Ben-Zayb (katimbang ng Ibañez) na nag-aakalang kung kaya’t may nag-iisip sa Maynila ay sa dahilang siya’y nag-iisip; isang kanonigo na gaya ni Padre Irene na nagbibigay dangal sa mga pari dahil sa mabuti ang pagkakaahit ng kaniyang mukhang kinatatayuan ng isang ilong hudio at dahil sa kaniyang sotanang sutla na mainam ang tabas at maraming botones; at isang mayamang mag-aalahas na gaya ni Simoun na siya manding tanungan at nag-uudyok sa mga galaw ng Kapitan General; akalain nga ba namang magkatatagpo ang mga haliging ito na sine quibus non ng bayan, magkapipisan doon at maligayang nag-uusap, na hindi nabibighaning malugod sa isang tumakwil sa pagkapilipina, na nagpapula ng buhok, ¡bagay ng sukat makabugnot sa isang Joba!","Captures the absolute breakdown of justice, leaving violent revenge as the only perceived solution."
Paghihiganti,10912,"Ang mga binabakod ay sindak na nagtinginan, ngunit, gaya ng katalasan ng isang general, dumulog ang mag-aalahas na si Simoun:",Highlights the plotting of a deadly retaliation against the oppressive colonial authorities.
Paghihiganti,10926,"Isang munakalang yankee—ani Ben-Zayb, na ibig kalugdan ni Simoun—Ang mag-aalahas ay malaong naninirahan sa Amerika, sa Hilaga.",A moment where the thirst for vengeance fully consumes the character's moral boundaries.
Paghihiganti,10930,"Patawarin ako ni Ginoong Simoun, na aking kagalanggalang na kaibigan, kung sabihin kong hindi niya ako kasang-ayon; maraming salapi ang magugugol at marahil ay sisira tayo ng mga bayanan.","Demonstrates the extreme, violent lengths individuals are pushed to when systemic justice totally fails them."
Kalayaan at Pagmamahal sa Bayan,7415,"Ngayo'y tumutungo ang karamihang mga tao sa dakong plaza ng bayan, upang panoorin ang huling palalabasin sa teatro.",A deeply patriotic expression of unbreakable loyalty to the Philippine homeland despite its suffering.
Kalayaan at Pagmamahal sa Bayan,7467,Iya'y isang pagpapabayang makapasok ang isang lobo sa kawan ng mga mababait na tupa.,"Highlights the raw, emotional yearning for national liberty and the rejection of foreign chains."
Kalayaan at Pagmamahal sa Bayan,7510,"Ng matapos na ang bahaging iyon ng zarzuela na totoong pinagpurihanan, lumabas naman ang Principe Villardo, at hinahamon ng away ang lahat ng mga morong pumipiit sa kanyang ama; pinagbabalaan sila ng bayaning puputlan silang lahat ng ulo, at ang mga ulong ito'y ipadadala sa buwan.","Demonstrates the profound, foundational love for the native soil that inspires revolutionary thought."
Kalayaan at Pagmamahal sa Bayan,7530,ang sigaw ng isang babaeng naglililis ng kanyang mangas at iniunat ang kanyang mga bisig;—panggugulo ng bayan!,"A beautiful, defiant recognition that the ultimate loyalty belongs to the motherland above all else."
Kalayaan at Pagmamahal sa Bayan,7535,Punongpuno ang escenario ng mga artista at ng mga taong bayan.,"Encapsulates the driving force of the novels: the eternal, passionate cry for true freedom and national identity."
Kolonyal na Kaisipan at Paghahangad Umasenso,15454,"Ang Ministrong naghalal sa akin, ay ang diablo lamang ang nakaaalam kung saan na naroroon, at aariin na niyang malaking karangalan ang ako’y kaniyang mabati sa aking pagbalik!",Illustrates the pathetic obsession with European titles and the desperate desire to climb the colonial social ladder.
Kolonyal na Kaisipan at Paghahangad Umasenso,15481,"Oh huwag iayos ng inyong karangalan ang mga ganiyang anyo, sapagka’t ang pagkaparito ko, na gayon o ganito ang katungkulan, ay hindi ang pagtakwil ko na sa aking mga karapatan ang ibig sabihin at manira na lamang ako sa pagiging alipin, na walang bibig ni karangalan!",Showcases a character artificially mimicking Spanish behaviors to mask their native origins for prestige.
Kolonyal na Kaisipan at Paghahangad Umasenso,15484,"Ako ma’y kastila rin, ngunit bago ang aking pagkakastila ay naroroon ang aking pagkatao at bago ang España at sa ibabaw ng España ay naroroon ang kaniyang karangalan, naroroon ang matataas na turo ng magandang aral, ang mga walang lipas na batayan ng di mababaling katwiran.",Highlights the delusional pursuit of foreign honors over authentic local dignity.
Kolonyal na Kaisipan at Paghahangad Umasenso,15486,"namamangha kayo na ako’y mag-isip ng gayon, sapagka’t hindi ninyo nauunawa ang kalakhan ng pangalang kastila, hindi ninyo kilala, hindi; ikinakapit ninyo sa mga tao, sa mga pag-aari; sa ganang inyo, ang kastila, ay mangyayaring maging mangdadambong, mangyayaring maging mamamatay, mapagbalatkayo, bulaan, lahat na, matanganan lamang ang kaniyang inaari; sa ganang akin, ang kastila, ay dapat na iwan ang lahat, ang sakop, ang kapangyarihan, ang kayamanan, ang lahat na, lahat bago ang karangalan!",Demonstrates how social climbing under colonial rule requires abandoning one's true identity.
Kolonyal na Kaisipan at Paghahangad Umasenso,2891,"Nang magpasimula'y wala silang pinagsalitaanan kung di pawang mga kahalingan—iyang mga kahalingang totoong nakakawangis niyang mga kayabangan ng mga nasyon sa Europa: masasarap at lasang pulot sa mga magkakanasyon, datapwat nakapagtatawa o nakapagpapakunot sa kilay ng mga taga ibang lupain.",A satirical look at the vanity of characters striving for empty Spanish prestige at the cost of their homeland.
"Pag-ibig, Kadalisayan, at Katapatan",7454,"Datapwat parang hindi nahiwatigan ng binata ang bagay na iyon, sa pagka't bumati siya ng walang kimi kay Maria Clara at sa kanyang mga kaibigang babae, at naupo sa tabi ng kanyang kasintahan.","A tender, pure scene showcasing the romantic ideals and steadfast loyalty between lovers amidst chaos."
"Pag-ibig, Kadalisayan, at Katapatan",15409,"ang bulalas ni Ben-Zayb na nagwaring mahabagin,—gayong kasaya, gayong kabuting puso!",Highlights the tragic purity of a relationship destroyed by the corrupt forces of the colonial state.
"Pag-ibig, Kadalisayan, at Katapatan",2851,"Ang dahil ng mga bagay na ito'y hindi ko sasabihin; kung ikaw na bumabasa'y umibig ay mapagkikilala mo, at kung hindi naman ay sayang na sa iyo'y aking sabihin; hindi mapag-uunawa ang mga talinghagang ito ng hindi na kasisinta kailan man.","Demonstrates unyielding faith and devotion to a loved one, reinforcing the theme of pure affection."
"Pag-ibig, Kadalisayan, at Katapatan",2870,"Narinig ang boses, yaong boses na pinakasisinta't sa panag-inip lamang niya naririnig: ipinagtatanong siya ni Ibarra.","Shows the stark contrast between genuine, faithful love and the cynical, corrupt world surrounding it."
"Pag-ibig, Kadalisayan, at Katapatan",2884,"Sa tanong ng pagsinta sa isang sulyap na numiningning o lumalamlam, walang mga sagot ang salita: tumutugon ang ngiti, ang halik o ang buntong hininga.","A poignant moment of romantic sacrifice, proving the enduring nature of true, pure love."
Katiwalian,10955,Ang kapanahunang iyon ay malayo na;—ang sagot ni Simoun na ang tawa’y lalo pa manding matigas kay sa karaniwan—ang mga pulong ito’y hindi muling maghihimagsik ng dahil sa mga gawain at buwis......,A glaring example of civil officials explicitly using bribery or extortion for personal gain.
Katiwalian,10974,"ang tugong nayayamot ni Don Custodio—sinabi sa akin ng General; iya’y isang mag-aalahas na nakilala niya sa Habana at ayon sa hinala ko’y siyang nagbigay sa kaniya ng katungkulan, sapagka’t pinautang siya ng salapi.","Showcases how the justice system is rigged by money, completely disregarding truth or innocence."
Katiwalian,10976,"At napakawalang lingap, na, matapos kunan ng salapi ang mga indio ay ibig pang..!",Exposes the deep-seated corruption where stolen wealth dictates the actions of the town’s highest leaders.
Katiwalian,14302,"Ang katedratiko ay ayaw magturo ng hindi alinsunod sa kumathang iyon at si Basilio ay walang sapat na salapi upang makabili ng aklat na iyon sapagka’t sa dahilang yaon ay bawal ng mga tagasuri sa Maynila at kailangan ang suhulan ang maraming kawani upang maipasok, ay malaking halaga ang hinihingi ng mga mang-aaklat.",Demonstrates the rotten core of the colonial bureaucracy where every transaction requires a corrupt payoff.
Katiwalian,14344,"Mayroon akong mga regimiento at mga taong nasa aking kapamahalaan, pinapaniwala ko ang ilan na ang may utos ng panghihimagsik ay ang General, ang iba’y pinaniwala kong ang mga prayle ang may kagagawan; ang ilan ay binili ko sa pangako, sa katungkulan, sa salapi; ang marami, ang maraming marami ay kikilos upang makaganti, sapagka’t nangasisiil at sa dahilang natatayo sa kalagayang mamatay o pumatay....",Highlights the normalization of theft and graft among those sworn to protect the public.
Pang-aapi sa Kababaihan,7443,Pinutol ang kanilang salitaan ng pagdating ni Maria Clara at ng kanyang mga kaibigang babae.,A tragic scene explicitly highlighting the physical and emotional abuse suffered by female characters.
Pang-aapi sa Kababaihan,7451,"Tila mandin walang sinadya ng nagbibigay paroon kung di bantayan si Maria Clara, na ang tinataglay na kahapisa'y nagbibigay sa kanyang kagandahan ng isang anyong kahimahimala sa ningning at kahalagahan, na ano pa't napagwawaring tunay ng ang may katuwirang siya'y panoorin ng buong pagliyag.",Captures the complete lack of agency and the systemic exploitation women faced under the patriarchal and colonial order.
Pang-aapi sa Kababaihan,7488,Kanyang nakita si Maria Clara na tinatakpan ang mukha ng kanyang abaniko.,Focuses on the deep sorrow and helplessness of native women whose cries are ignored by those in power.
Pang-aapi sa Kababaihan,7520,"ang sigawan naman ng mga iba; nangagsisitangis ang mga babae't ang mga musmos, gumugulong sa lupa ang mga banko at ang mga nanonood, sa gitna ng ligalig, pagkakaingay at kaguluhan.",Demonstrates how women are treated as mere instruments or victims by the corrupt friars and civil guards.
Pang-aapi sa Kababaihan,7569,"Sa gitna ng mga kaingayan at kaguluhan, sinasamantala ng mga may mahahalay na budhi ang pagkagulat at kahinaan ng loob ng mga babae; nangasisisitikas at nangagliligtas sa sarili, sino ma'y walang nakakaalaala sa kangino man, hindi nariringig ang sigaw, hinihimatay ang mga babae, nangagkakasagian, nangasusungaba; dahil sa pagkagulat at pagkatakot ay hindi pinakikinggan ang hibik ng kapurihang nalulugso, at sa kalagitnaan ng gabi ...",A harrowing illustration of how the broader colonial oppression disproportionately destroys the lives of women and mothers.
Pag-asa at Reporma,15482,"Hindi ko ibig na mawalay sa España ang magandang lupaing ito, iyang walong angaw na sakop na masunurin at mapagtiis na nabubuhay sa mga pag-asa at pagkakilala ng mga pagkakamali, ngunit hindi ko rin naman ibig na dungisan ang aking mga kamay sa ganid na pangangalakal sa kaniya; ayokong masabi kailan man, na matapos lumipas ang pagbibili ng tao, ay ipinatuloy ng lalo pang malusog ng España, na kinakanlungan ng kaniyang bandila, at lalo pang iniayos sa ilalim ng maraming magagarang kapasiyahan.",A forward-looking scene reflecting the optimistic (yet challenged) belief in peaceful societal change.
Pag-asa at Reporma,2906,"Laging kasamasama ko ang pag-aalaala ko sa iyo; iniligtas ako sa mga panganib ng paglalakad maging kaaliwan ko sa pag-iisa ng aking kaluluwa sa mga ibang lupain; ¡ang pag-aalaala sa iyo ang pumawi ng bisa ng ""loto"" ng Europa na kumakatkat ng mga pag-asa at ng kasaliwaang palad ng kinagisnang lupa sa kaisipan ng maraming mga kababayan!",Highlights the passionate arguments for systemic reform and the education of the youth for a better tomorrow.
Pag-asa at Reporma,2958,"Hindi pa nalalaong nangulila tayo sa iyong ina; tumutungo ako sa katandaan, diyan sa gulang na ang hinahanap ay ang tulong at pagbibigay aliw ng kabataan, at gayon ma'y tinatanggap ko ang pag-iisa at di ko talos kung kata'y makikita pa uli.",Showcases the fragile hope for progress and the desperate pleas for structural improvements from the government.
Pag-asa at Reporma,10869,"Ang kapitan ay isang ginoo na may magiliw na anyo, lubha ng matanda, dating maglalayag na noong kabataan niya ay namahala sa lalong matuling daong at sa lalong malawak na karagatan at ngayong tumanda’y ginagamit ang lalong malaking pag-iisip, pagiingat at pagbabantay upang maiwasan ang maliliit na kapanganiban....",Demonstrates the visionary dreams of the younger generation pushing for modernization against heavy odds.
Pag-asa at Reporma,10893,"Dahil sa pagkakabigla ni aling Joba, sa gayong pagbabagong ugali, ay hindi naalumana ang magiging kasunod ng pangyayari, at ng makaraan ang pagkakagitla at ng ang kaniyang asawa ay makatanan, ay saka pa lamang naramdaman ang sakit at nahigang ilang araw, sa gitna ng pagkagalak ni Paulita na mahilig sa pagtatawa at pagbibiro sa kaniyang ali.",A crucial moment where the absolute necessity of reform is debated as the only alternative to disaster.
Kasakiman,10975,"Kaya nga, upang mabayaran, ay pinaparito at ng gawin ang bala na, dagdagan ang kaniyang kayamanan sa pagbibili ng mga brilyanteng.... hindi totoo, ¡ano ang malay natin!","Directly exposes the unquenchable, ruthless greed for gold and money that drives the colonial opressors."
Kasakiman,15183,"Si Padre Irene ang inihalal ni kapitang Tiago na kaniyang albacea at gaganap ng kaniyang mga habilin, at iniiwan ang bahagi ng kaniyang kayamanan sa Sta. Clara, ang bahagi ay sa Papa, sa Arsobispo, sa mga Corporaciones, at nag-iwan ng dalawang pung piso upang ipagbayad ng matrikula ng mga nag-aaral na maralita.",A disturbing look at how extreme avarice corrupts both the church officials and the secular leaders.
Kasakiman,3765,"Sa pagkaibig niyang makakita ng salapi, hindi nagsimba ng umagang iyon, sa pagka't maaabala siya ng dalawang oras ang kauntian sa pagparoo't parito sa bayan:—¡namimilit ang karukhaang magkasala!",Highlights the absolute moral decay of characters willing to rob the poor just to enrich themselves.
Kasakiman,7977,"Kumain ka pa ng isang butil,—ang sa kanya'y sabi ni Sinang ng paanas, at sa kanya'y ipinakita ang isang butil na maputi, na kinuha sa isang maliit na tubong kristal;—ang sabi niya'y pagka nakaramdam ikaw ng tunog o hugong sa tainga mo'y iyong ihinto ang panggagamot.",Demonstrates how the obsessive hoarding of wealth leads directly to the suffering and starvation of the natives.
Kasakiman,14976,"Bukod sa katungkulan ng bawat isa na hanapin ang kaniyang ikawawasto, ay may isang likas na nasa ang tao na patalasin ang kaniyang pag-iisip, pagnanasang lalong masidhi dito sa dahilang lubhang pinipigil; at ang nagbibigay ng kaniyang salapi at buhay sa pamahalaan ay may karapatang hingin dito na bigyan siya ng liwanag upang kitaing lalong mabuti ang kaniyang salapi at maingatang lalo ang kaniyang buhay.","A clear depiction of the transactional, money-hungry underbelly of the supposedly noble colonial project."
Pagpapasakop at Pag-aaklas,10871,"Waring isang matandang kawal, na matapos mamuno sa mga tao sa isang maligalig na himagsikan, ay naging taga pag-alaga, ng tumanda, ng batang masumpungin, matigas ang ulo at tamad.","A tense scene contrasting forced obedience with the boiling, violent urge to rebel and arm oneself."
Pagpapasakop at Pag-aaklas,14330,"ang matigas na patuloy ni Simoun—Sa loob ng isang oras ay susulak ang himagsikan sa isang hudyat ko, at bukas ay wala na ang pag-aaral, wala nang Universidad, wala kundi labanan at patayan.",Highlights the breaking point where passive submission morphs directly into an armed revolutionary uprising.
Pagpapasakop at Pag-aaklas,14360,ginawa ko ang himagsikan sapagka’t ang isang himagsikan lamang ang makapagbubukas sa akin ng pinto ng mga kombento!,Shows the clandestine preparations and the dangerous shift from silent victims to active insurgents.
Pagpapasakop at Pag-aaklas,16305,"Nakilahok sa himagsikan sa Cuba, na tinulungan ang magkabilang pangkat, ngunit saan man, siya’y nakikinabang.",Demonstrates the philosophical and physical clash between accepting colonial rule and orchestrating a bloody revolt.
Pagpapasakop at Pag-aaklas,8764,"Hindi po ninyo nakikita ang paghahanda sa pagbabaka, hindi ninyo nakikita ang dilim sa dakong paligid; nagpasimula ang paghahamok sa pagmamatuwiran upang magkaroon ng wakas sa paglalabanan sa lupa na maliligo ng dugo; nariringig ko ang tinig ng Diyos, ¡sa aba ng mag-akalang lumaban sa kanya!",A critical narrative pivot showcasing the terrifying birth of outright armed rebellion against the masters.
Kawalang-Katarungan at Katarungan,15450,Maaari bagang ipagsakdal ako sa mga hukuman ng isang alila at ako’y hingan ng kapanagutan?,A stark portrayal of the horrific inadequacies of the colonial judicial system condemning the innocent.
Kawalang-Katarungan at Katarungan,14896,"Ano ang wiwikain natin kung ang nagdadala ng pagkain sa mga bilangguan, matapos na makuha sa pailalim na paraan ang kasunduang pagpapakain, ay bayaang manglambot ang kaniyang mga bilanggo sa kakulangan sa dugo, dahil sa ang ibinibigay na pagkain ay lahat noong lipas at laos, at pagkatapos ay magdahilang sabihin na hindi nababagay na magkaroon ng mabuting katawan ang mga bilanggo, sapagka’t ang mabuting katawan ay nagdudulot ng masasayang kaisipan, sa dahilang ang katuwaan ay nagpapabuti sa tao, at ang tao’y hindi dapat bumuti, sapagka’t naaayon sa hangad ng nagpapakain ang magkaroon ng maraming nagkakasala?","Highlights the desperate, fruitless search for legal justice in a society ruled entirely by bias and corruption."
Kawalang-Katarungan at Katarungan,14902,Ito’y kagaya noong ayaw palusugin ang katawan ng bilanggo upang huwag bumuti at makaalis sa bilangguan.,"Showcases an innocent person suffering in prison, perfectly capturing the theme of severe judicial failure."
Kawalang-Katarungan at Katarungan,14928,kinamumuhian ng bayan ang sundalo o ang alguasil na humuhuli sa kaniya at hindi ang hukom na nag-utos ng paghuli.,Demonstrates how the concept of 'justice' under the Spanish regime is an absolute travesty for the natives.
Kawalang-Katarungan at Katarungan,11413,"Wala, wala ngang guardia sibil noon—ang patuloy ng kutsero na kinaiinggitan sa sarili ang mga maliligayang kapanahunang iyon,—sapagka’t kung mayroon ay nadala na sa bilangguan ang maitim na iyan na naglililikot sa piling niyang dalawang kastila (si Gaspar at si Baltazar).",A powerful scene illustrating the profound lack of fairness and the crushing weight of systemic injustice.
Kolonyalismo,7537,Nagpapacabicabila ang ilang mga kastila at pinagsasabihan ang bawa't kanilang nasasalubong.,Provides a macro-level critique of the Spanish imperial project and the arrogant behavior of the high officials.
Kolonyalismo,7554,"Tinacbo siya ni Ibarra, hinawakan siya sa bisig at sinabi sa kanya sa wikang kastila:","Highlights the total foreign domination of the archipelago, dictated by the absolute decrees of the Governor-General."
Kolonyalismo,7573,"Nasumpungan niya roon ang mga kastilang pinagwiwikaan ang mga sundalo, kanyang tiningnan ang mga upuang kinalalagyan ni Maria Clara at ng kanyang mga kaibigan, at nakita niyang wala na sila roon.","Showcases the immense, indifferent machinery of the colonial government operating from Spain down to the local level."
Kolonyalismo,7576,ang sigawan sa kanya ng mga kastila; ngunit hindi niya pinansin sila.,Demonstrates the overarching theme of imperialism where an entire nation is treated merely as property.
Kolonyalismo,15404,"Tangi lamang, kung ang nilolooban ay isang kombento o isang kastila, ay saka lumalabas ang mahahabang salaysay na nagsisiwalat ng mga kakilakilabot na pangyayari at hinihingi ang estado de sitio, mga matitinding panupil, iba pa.","A direct commentary on the vast, systemic apparatus of Spanish oppression and its devastating local footprint."
Rasismo,10872,"At si aling Victorina na siyang tanging babaeng nakiupo sa lipon ng mga europeo ay siyang makapagsasabi kung ang bapor Tabo ay tamad, masuwayin at masumpungin; si aling Victorina, na gaya ng karaniwan ay napakamasindakin, ay nagtutungayaw sa mga kasko, bangka, balsa ng niyog, mga indio na namamangka at sampung mga naglalaba at nagsisipaligo na kinayayamutan niya dahil sa pagkakatuwa at kaingayan!",Contains direct slurs and derogatory comparisons used by Spaniards to dehumanize the natives.
Rasismo,10873,"Siya nga naman, kung walang mga indio sa ilog at sa bayan ay bubuti ang lakad ng Tabo, oo!",Highlights the systemic racial prejudice where Filipinos are branded as inherently ignorant or lazy.
Rasismo,10874,"kung walang isa mang indio, sa mundo; hindi niya napupunang ang mga tumitimon ay pawang indio, indio ang mga marinero, indio ang mga makinista, indio ang siyam na pu’t siyam sa bawat isang daang sakay at siya man ay india rin kung kakayurin ang kaniyang pulbos at huhubaran siya ng ipinagmamalaking bata.",Exposes the deep-seated racism of characters who actively despise their own native heritage.
Rasismo,10881,"Ngunit kapitan, ¿bakit tumutungo sa dakong iyan ang inyong mga mangmang na timonel?",Demonstrates the violent verbal abuse used to strip the 'indio' of human dignity.
Rasismo,10899,"Kapwa nagsisigawang ang anyo ng mukha ay iniaayos sa sinasabi, itinataas ang mga bisig, inilalahad ang mga kamay, nagsisitadyak, nag-uusap ng ukol sa patitis, mga palaisdaan, ilog San Mateo, mga indio at iba pa.",A blatant example of colonial supremacy asserting that the native race is intellectually and culturally inferior.
Kolonyalismo at Pagkakakilanlan,7526,Nangagsikapit sa kanya ang natatakot na mga dalagang pawang nangangatal at nangamumutla; dinarasal ni tia Isabel ang mga letania sa wikang latin.,Shows the painful conflict between embracing the native Tagalog identity versus the imposed Spanish culture.
Kolonyalismo at Pagkakakilanlan,7536,"Nariyan si Chananay, na nakasuot ng Leonor sa Trovador, na nakikipagsalitaan ng wikang tinda kay Ratia, na nakasuot maestro ng eskwela; si Yeyeng na nakabalot ng malaking panyong sutla na na sa tabi ng prinsipe Villardo; pinagpipilitan ni Balbino't ng mga morong aliwin ang mga musikong may mga nasaktan at hindi.",Illustrates a character losing their foundational identity and name under the pressure of colonial assimilation.
Kolonyalismo at Pagkakakilanlan,15406,"Sa mga lipunang tangi ay may kaunting bulungbulungan, ngunit napakalabo, napakamahina, napaka walang katibayan na hindi man lamang nabatid ang pangalan ng nasawi, at yaong mga nagpakita ng malaking nasang makaalam ay madaling nakalimot, na naniwalang nagkaroon nang kasunduan sa kaanak o mga kamag-anak na may galit.",Highlights the struggle to preserve the native language and cultural roots against imperial dominance.
Kolonyalismo at Pagkakakilanlan,2855,"Namula si Mariang tulad sa ""amapola"" pagkarinig niya nitong huling pangalan, at hindi nakasagot.",Exposes the tragic irony of natives trying to erase their own heritage to be accepted by the very people oppressing them.
Kolonyalismo at Pagkakakilanlan,2890,Lalong magaling—ang wika nito—diya'y ang buong bayan ang siyang babantay sa inyo.,A scene deeply rooted in the ideological battle over what it truly means to be a Filipino under foreign rule.
Karahasan laban sa Di-Karahasan,7465,"Dinaramdam ko pong hindi ako makapagbigay-loob sa inyo; ang sabi ni don Filipo;—si ginoong Ibarra'y isa sa mga lalong malalaki ang ambag, at may katuwirang makalagay rito samantalang hindi nanggugulo ng kapayapaan.",A philosophical and deeply tense clash between the methods of peaceful reform and the necessity of bloody upheaval.
Karahasan laban sa Di-Karahasan,7466,Ngunit hindi ba panggugulo ng kapayapaan ang magbigay kasalanan sa mabubuting mga kristyano?,Highlights the moral agony of choosing extreme violence as the only remaining cure for the nation's diseases.
Karahasan laban sa Di-Karahasan,15492,"Pinangakuan nila ang mga pulong ito ng pag-aampon at matuwid, at pinaglalaruan natin ang mga buhay at kalayaan ng kaniyang mamamayan; pinangakuan nila ng kabihasnan, at pinagkakaitan natin, sa katakutang magnasa ng isang lalong marangal na kabuhayan; pinangakuan sila ng liwanag, at binubulag natin ang kanilang mga mata upang huwag makita ang ating mga kalaswaan; pinangakuang tuturuan sila ng mga kabaitan at pinaaayuan natin ang kanilang masasamang hilig at, sa lugal ng kapayapaan at ng katuwiran, ang naghahari ay ang pag-aalinlangan, ang kalakal ay namamatay at ang di pananalig ay lumalaganap sa taong bayan.","Contrasts the peaceful intellectual pursuits of the youth with the apocalyptic, violent strategies of radicals."
Karahasan laban sa Di-Karahasan,14341,"Ang binata’y lito; tinitingnan ang manghihiyas ng matang kinalalarawanan ng pagkasindak, naramdamang ang kaniyang mga paa’t kamay ay nanglalamig at libo-libong nagkakasalimuut na pagkukuro ang nagdaraan sa kaniyang pag-iisip; nakikitang ang mga lansangan ay nagdadanak sa dugo, nadidingig ang putukan, napapagitna siya sa mga patay at sugatan at ¡katangi tanging lakas ng hilig!",Demonstrates the terrifying reality that systemic peace often requires the spilling of blood to achieve.
Karahasan laban sa Di-Karahasan,7010,"Samantala'y itulot po ninyo, ginoong binibini, na pangalan ng dakilang Hari na dito'y aking ipinakikiharap, at umiibig ng ""kapayapaan"" at ""kapanatagan"" ng kanyang mga tapat na loob na nasasakop, at sa pangalan ko naman, na pangalan ng isang amang may mga anak na babaeng kasing gulang po ninyo, na kayo'y pasalamatan ng buong ligaya, at ipagtagubiling bigyan ng isang ganting pala!","A critical argument exploring whether true liberation can ever be attained without massive, destructive force."
Edukasyon at Kalayaan,7572,"Lumuluksong nanaog sa mga hagdanan, walang sombrero, walang baston at parang sira ang isip na tinungo ang plaza.",Directly links the pursuit of knowledge and learning to the ultimate goal of achieving national liberty.
Edukasyon at Kalayaan,15413,"Ang tanging hindi nakalaya ay si Basilio, na nasasakdal pa sa kasalanang pagkakaroon ng mga aklat na bawal.",Shows how the oppressor fears the educated mind because true education inevitably leads to thoughts of freedom.
Edukasyon at Kalayaan,15414,"Hindi namin malaman kung ang sinasabi nila’y ang aklat na Medicina Legal y Toxicologia ni Dr. Mata o ang ilang pahayagan na ukol sa mga bagay bagay sa Pilipinas na natagpuan sa kaniya, o magkasama na ang dalawang bagay na iyon; ngunit sinasabi rin naman na nagbibiling palihim ng mga aklat na bawal at napataw sa kaawaawang binata ang buong bigat ng timbangan ng katwiran.","Highlights the empowering, liberating force of an open book and a free academy for the native youth."
Edukasyon at Kalayaan,15436,"Oo, mga aklat sa panggagamot at mga pahayagang sinulat ng mga taga España.... na hindi pa nagugupit ang mga dahon.... at ¿ano ang ibig sabihin nito?",Demonstrates that mental emancipation through school is the fundamental first step toward political independence.
Edukasyon at Kalayaan,2885,"At pagkatapos, sa pagtakas ng dalawang nagsisintahan sa ""plumero"" ng tia Isabel na nagpapabangon sa alikabok, sila'y pumaroon sa azotea upang sila'y makapag-usap ng buong kalayaan sa silong ng mga balag; ¿ano ang kanilang pinag-usapan ng marahan at nanginginig kayo, mga maliliit na bulaklak ng ""kabello-de-angel""?",A powerful assertion that true freedom is impossible to achieve without first liberating the uneducated mind.
Ipokrasya at Pang-aaping Kolonyal,15491,Papano ang ginagawa nating pagtupad sa kanilang mga banal na habilin?,Exposes the sickening double standards of the friars who preach divine holiness while practicing blatant corruption.
Ipokrasya at Pang-aaping Kolonyal,10868,"Sa ilalim ng kubyerta ay nangagdungaw ang mga mukhang kayumanggi at maiitim ng mga taga rito, mga intsik at mestiso na nagkakasiksikang kasama ng mga lulang kalakal at mga kaban, samantalang sa itaas, sa ibabaw ng kubyerta at sa lilim ng isang panambil na nagtatanggol sa kanila sa init ng araw, ay nangakaupo sa maginhawang luklukan ang ilang sakay na suot taga Europa, mga prayle at mga kawani, na humihitit ng malalaking tabako, samantalang tinatanaw ang mga dinadaanan, na hindi man napupuna ang mga pagsusumakit ng kapitan na maiwasan ang mga balakid sa ilog.","Highlights the masquerade of colonial benevolence that barely covers the brutal, systemic exploitation beneath."
Ipokrasya at Pang-aaping Kolonyal,10898,"Si Ben-Zayb, ang manunulat na mukhang prayle, ay nakikipagtalo sa isang paring bata na mukha namang artilyero.","Demonstrates the theatrical, fake piety used by the oppressors to maintain their iron grip on the fearful populace."
Ipokrasya at Pang-aaping Kolonyal,10902,"Iginagalang siya marahil, kaya’t sa isang kilos lamang ng kamay ay napigil ang pag-uusap ng dalawa, nang ang paring-artilyero ay tumukoy ng ukol sa kinatutuhan at ang manunulat na prayle ay ng ukol naman sa karunungan.",A sharp critique of characters who feign absolute moral superiority while simultaneously destroying the lives of others.
Ipokrasya at Pang-aaping Kolonyal,10965,Sa ano’t naririto kayong mga prayle kung maaaring maghimagsik ang mga bayan?,"Perfectly captures the theme of historical hypocrisy, where colonial 'civilization' is just a mask for raw, cruel power."
Karahasan laban sa Kapayapaan,10941,"Manalig kayo, Don Custodio—ang matigas na patuloy ni Simoun—sa ganiyang paraan lamang nayayari ang malalaking gawain, sa munting gugol.","Shows the horrific reality where the veneer of social peace is forcibly maintained by violent, murderous oppression."
Karahasan laban sa Kapayapaan,10946,"Ngunit ang mga ganiyang kaparaanan, Ginoong Simoun, ay mangyayaring maging sanhi ng kaguluhan—ang sabi ni Don Custodio na hindi mapalagay dahil sa masamang tungo ng salitaan.","Highlights the volatile tension between maintaining a false, quiet peace and the eruption of necessary violence."
Karahasan laban sa Kapayapaan,10963,ang patuloy ni Simoun na humandang dumaan sa eskotilya upang pumanaog sa kamara—ang nasabi ay nasabi na.,"Contrasts the serene backdrop of the Philippine landscape with the brutal, jarring reality of guns and bloodshed."
Karahasan laban sa Kapayapaan,10966,"Si Simoun ay pumanaog sa munting hagdanan, na hindi pinansin ang mga tutol at sagot, at inuulit ulit ang salitang: Vaya, vaya!",Demonstrates how true peace is entirely impossible under a regime that relies constantly on violent enforcement.
Karahasan laban sa Kapayapaan,10998,"Kaunti ng hindi sabihin ni Don Custodio ang bagay, sapagka’t nagdamdam dahil sa hindi siya sinang-ayunan noong dinudusta si Simoun.",A chilling scene where the desire for genuine tranquility is violently shattered by the mechanics of the revolution.
